file,line,type,commit,author,date,time,timezone,datetime,depth,length
style.css,1,css,03231f00,d4zhu,2025-04-11,22:32:19,-07:00,2025-04-11T22:32:19-07:00,0,6
style.css,2,css,da81e9e9,d4zhu,2025-04-19,19:47:20,-07:00,2025-04-19T19:47:20-07:00,0,24
style.css,3,css,03231f00,d4zhu,2025-04-11,22:32:19,-07:00,2025-04-11T22:32:19-07:00,0,32
style.css,4,css,3dd0e19f,d4zhu,2025-05-02,19:56:03,-07:00,2025-05-02T19:56:03-07:00,0,40
style.css,5,css,03231f00,d4zhu,2025-04-11,22:32:19,-07:00,2025-04-11T22:32:19-07:00,0,0
style.css,6,css,03231f00,d4zhu,2025-04-11,22:32:19,-07:00,2025-04-11T22:32:19-07:00,0,0
style.css,7,css,03231f00,d4zhu,2025-04-11,22:32:19,-07:00,2025-04-11T22:32:19-07:00,0,5
style.css,8,css,03231f00,d4zhu,2025-04-11,22:32:19,-07:00,2025-04-11T22:32:19-07:00,0,33
style.css,9,css,03231f00,d4zhu,2025-04-11,22:32:19,-07:00,2025-04-11T22:32:19-07:00,0,0
style.css,10,css,03231f00,d4zhu,2025-04-11,22:32:19,-07:00,2025-04-11T22:32:19-07:00,0,0
style.css,11,css,92d69bb1,d4zhu,2025-04-04,17:22:04,-07:00,2025-04-04T17:22:04-07:00,0,5
style.css,12,css,03231f00,d4zhu,2025-04-11,22:32:19,-07:00,2025-04-11T22:32:19-07:00,0,24
style.css,13,css,03231f00,d4zhu,2025-04-11,22:32:19,-07:00,2025-04-11T22:32:19-07:00,0,16
style.css,14,css,03231f00,d4zhu,2025-04-11,22:32:19,-07:00,2025-04-11T22:32:19-07:00,0,43
style.css,15,css,b44bbe18,d4zhu,2025-04-19,20:41:07,-07:00,2025-04-19T20:41:07-07:00,0,51
style.css,16,css,03231f00,d4zhu,2025-04-11,22:32:19,-07:00,2025-04-11T22:32:19-07:00,0,0
style.css,17,css,03231f00,d4zhu,2025-04-11,22:32:19,-07:00,2025-04-11T22:32:19-07:00,0,0
style.css,18,css,03231f00,d4zhu,2025-04-11,22:32:19,-07:00,2025-04-11T22:32:19-07:00,0,23
style.css,19,css,03231f00,d4zhu,2025-04-11,22:32:19,-07:00,2025-04-11T22:32:19-07:00,0,16
style.css,20,css,03231f00,d4zhu,2025-04-11,22:32:19,-07:00,2025-04-11T22:32:19-07:00,0,18
style.css,21,css,03231f00,d4zhu,2025-04-11,22:32:19,-07:00,2025-04-11T22:32:19-07:00,0,0
style.css,22,css,03231f00,d4zhu,2025-04-11,22:32:19,-07:00,2025-04-11T22:32:19-07:00,0,0
style.css,23,css,03231f00,d4zhu,2025-04-11,22:32:19,-07:00,2025-04-11T22:32:19-07:00,0,3
style.css,24,css,03231f00,d4zhu,2025-04-11,22:32:19,-07:00,2025-04-11T22:32:19-07:00,0,14
style.css,25,css,03231f00,d4zhu,2025-04-11,22:32:19,-07:00,2025-04-11T22:32:19-07:00,0,0
style.css,26,css,03231f00,d4zhu,2025-04-11,22:32:19,-07:00,2025-04-11T22:32:19-07:00,0,0
style.css,27,css,03231f00,d4zhu,2025-04-11,22:32:19,-07:00,2025-04-11T22:32:19-07:00,0,4
style.css,28,css,da81e9e9,d4zhu,2025-04-19,19:47:20,-07:00,2025-04-19T19:47:20-07:00,0,40
style.css,29,css,da81e9e9,d4zhu,2025-04-19,19:47:20,-07:00,2025-04-19T19:47:20-07:00,0,39
style.css,30,css,03231f00,d4zhu,2025-04-11,22:32:19,-07:00,2025-04-11T22:32:19-07:00,0,13
style.css,31,css,03231f00,d4zhu,2025-04-11,22:32:19,-07:00,2025-04-11T22:32:19-07:00,0,21
style.css,32,css,03231f00,d4zhu,2025-04-11,22:32:19,-07:00,2025-04-11T22:32:19-07:00,0,24
style.css,33,css,03231f00,d4zhu,2025-04-11,22:32:19,-07:00,2025-04-11T22:32:19-07:00,0,26
style.css,34,css,da81e9e9,d4zhu,2025-04-19,19:47:20,-07:00,2025-04-19T19:47:20-07:00,0,40
style.css,35,css,03231f00,d4zhu,2025-04-11,22:32:19,-07:00,2025-04-11T22:32:19-07:00,0,0
style.css,36,css,03231f00,d4zhu,2025-04-11,22:32:19,-07:00,2025-04-11T22:32:19-07:00,0,0
style.css,37,css,03231f00,d4zhu,2025-04-11,22:32:19,-07:00,2025-04-11T22:32:19-07:00,0,6
style.css,38,css,03231f00,d4zhu,2025-04-11,22:32:19,-07:00,2025-04-11T22:32:19-07:00,0,7
style.css,39,css,03231f00,d4zhu,2025-04-11,22:32:19,-07:00,2025-04-11T22:32:19-07:00,0,21
style.css,40,css,03231f00,d4zhu,2025-04-11,22:32:19,-07:00,2025-04-11T22:32:19-07:00,0,14
style.css,41,css,03231f00,d4zhu,2025-04-11,22:32:19,-07:00,2025-04-11T22:32:19-07:00,0,18
style.css,42,css,03231f00,d4zhu,2025-04-11,22:32:19,-07:00,2025-04-11T22:32:19-07:00,0,14
style.css,43,css,03231f00,d4zhu,2025-04-11,22:32:19,-07:00,2025-04-11T22:32:19-07:00,0,0
style.css,44,css,03231f00,d4zhu,2025-04-11,22:32:19,-07:00,2025-04-11T22:32:19-07:00,0,0
style.css,45,css,03231f00,d4zhu,2025-04-11,22:32:19,-07:00,2025-04-11T22:32:19-07:00,0,12
style.css,46,css,da81e9e9,d4zhu,2025-04-19,19:47:20,-07:00,2025-04-19T19:47:20-07:00,0,44
style.css,47,css,da81e9e9,d4zhu,2025-04-19,19:47:20,-07:00,2025-04-19T19:47:20-07:00,0,69
style.css,48,css,da81e9e9,d4zhu,2025-04-19,19:47:20,-07:00,2025-04-19T19:47:20-07:00,0,0
style.css,49,css,da81e9e9,d4zhu,2025-04-19,19:47:20,-07:00,2025-04-19T19:47:20-07:00,0,0
style.css,50,css,da81e9e9,d4zhu,2025-04-19,19:47:20,-07:00,2025-04-19T19:47:20-07:00,0,14
style.css,51,css,da81e9e9,d4zhu,2025-04-19,19:47:20,-07:00,2025-04-19T19:47:20-07:00,0,18
style.css,52,css,da81e9e9,d4zhu,2025-04-19,19:47:20,-07:00,2025-04-19T19:47:20-07:00,0,9
style.css,53,css,da81e9e9,d4zhu,2025-04-19,19:47:20,-07:00,2025-04-19T19:47:20-07:00,0,11
style.css,54,css,b44bbe18,d4zhu,2025-04-19,20:41:07,-07:00,2025-04-19T20:41:07-07:00,0,14
style.css,55,css,da81e9e9,d4zhu,2025-04-19,19:47:20,-07:00,2025-04-19T19:47:20-07:00,0,20
style.css,56,css,da81e9e9,d4zhu,2025-04-19,19:47:20,-07:00,2025-04-19T19:47:20-07:00,0,13
style.css,57,css,da81e9e9,d4zhu,2025-04-19,19:47:20,-07:00,2025-04-19T19:47:20-07:00,0,19
style.css,58,css,da81e9e9,d4zhu,2025-04-19,19:47:20,-07:00,2025-04-19T19:47:20-07:00,0,11
style.css,59,css,03231f00,d4zhu,2025-04-11,22:32:19,-07:00,2025-04-11T22:32:19-07:00,0,0
style.css,60,css,03231f00,d4zhu,2025-04-11,22:32:19,-07:00,2025-04-11T22:32:19-07:00,0,0
style.css,61,css,03231f00,d4zhu,2025-04-11,22:32:19,-07:00,2025-04-11T22:32:19-07:00,0,5
style.css,62,css,03231f00,d4zhu,2025-04-11,22:32:19,-07:00,2025-04-11T22:32:19-07:00,0,13
style.css,63,css,03231f00,d4zhu,2025-04-11,22:32:19,-07:00,2025-04-11T22:32:19-07:00,0,31
style.css,64,css,03231f00,d4zhu,2025-04-11,22:32:19,-07:00,2025-04-11T22:32:19-07:00,0,44
style.css,65,css,03231f00,d4zhu,2025-04-11,22:32:19,-07:00,2025-04-11T22:32:19-07:00,0,0
style.css,66,css,03231f00,d4zhu,2025-04-11,22:32:19,-07:00,2025-04-11T22:32:19-07:00,0,0
style.css,67,css,03231f00,d4zhu,2025-04-11,22:32:19,-07:00,2025-04-11T22:32:19-07:00,0,54
style.css,68,css,03231f00,d4zhu,2025-04-11,22:32:19,-07:00,2025-04-11T22:32:19-07:00,0,5
style.css,69,css,03231f00,d4zhu,2025-04-11,22:32:19,-07:00,2025-04-11T22:32:19-07:00,0,6
style.css,70,css,03231f00,d4zhu,2025-04-11,22:32:19,-07:00,2025-04-11T22:32:19-07:00,0,5
style.css,71,css,03231f00,d4zhu,2025-04-11,22:32:19,-07:00,2025-04-11T22:32:19-07:00,0,8
style.css,72,css,03231f00,d4zhu,2025-04-11,22:32:19,-07:00,2025-04-11T22:32:19-07:00,0,7
style.css,73,css,03231f00,d4zhu,2025-04-11,22:32:19,-07:00,2025-04-11T22:32:19-07:00,0,13
style.css,74,css,03231f00,d4zhu,2025-04-11,22:32:19,-07:00,2025-04-11T22:32:19-07:00,0,0
style.css,75,css,03231f00,d4zhu,2025-04-11,22:32:19,-07:00,2025-04-11T22:32:19-07:00,0,0
style.css,76,css,03231f00,d4zhu,2025-04-11,22:32:19,-07:00,2025-04-11T22:32:19-07:00,0,40
style.css,77,css,03231f00,d4zhu,2025-04-11,22:32:19,-07:00,2025-04-11T22:32:19-07:00,0,6
style.css,78,css,03231f00,d4zhu,2025-04-11,22:32:19,-07:00,2025-04-11T22:32:19-07:00,0,5
style.css,79,css,03231f00,d4zhu,2025-04-11,22:32:19,-07:00,2025-04-11T22:32:19-07:00,0,8
style.css,80,css,03231f00,d4zhu,2025-04-11,22:32:19,-07:00,2025-04-11T22:32:19-07:00,0,7
style.css,81,css,03231f00,d4zhu,2025-04-11,22:32:19,-07:00,2025-04-11T22:32:19-07:00,0,59
style.css,82,css,03231f00,d4zhu,2025-04-11,22:32:19,-07:00,2025-04-11T22:32:19-07:00,0,11
style.css,83,css,03231f00,d4zhu,2025-04-11,22:32:19,-07:00,2025-04-11T22:32:19-07:00,0,22
style.css,84,css,03231f00,d4zhu,2025-04-11,22:32:19,-07:00,2025-04-11T22:32:19-07:00,0,0
style.css,85,css,03231f00,d4zhu,2025-04-11,22:32:19,-07:00,2025-04-11T22:32:19-07:00,0,0
style.css,86,css,03231f00,d4zhu,2025-04-11,22:32:19,-07:00,2025-04-11T22:32:19-07:00,0,34
style.css,87,css,03231f00,d4zhu,2025-04-11,22:32:19,-07:00,2025-04-11T22:32:19-07:00,0,5
style.css,88,css,03231f00,d4zhu,2025-04-11,22:32:19,-07:00,2025-04-11T22:32:19-07:00,0,8
style.css,89,css,03231f00,d4zhu,2025-04-11,22:32:19,-07:00,2025-04-11T22:32:19-07:00,0,7
style.css,90,css,03231f00,d4zhu,2025-04-11,22:32:19,-07:00,2025-04-11T22:32:19-07:00,0,14
style.css,91,css,03231f00,d4zhu,2025-04-11,22:32:19,-07:00,2025-04-11T22:32:19-07:00,0,22
style.css,92,css,03231f00,d4zhu,2025-04-11,22:32:19,-07:00,2025-04-11T22:32:19-07:00,0,18
style.css,93,css,03231f00,d4zhu,2025-04-11,22:32:19,-07:00,2025-04-11T22:32:19-07:00,0,0
style.css,94,css,03231f00,d4zhu,2025-04-11,22:32:19,-07:00,2025-04-11T22:32:19-07:00,0,0
style.css,95,css,03231f00,d4zhu,2025-04-11,22:32:19,-07:00,2025-04-11T22:32:19-07:00,0,19
style.css,96,css,03231f00,d4zhu,2025-04-11,22:32:19,-07:00,2025-04-11T22:32:19-07:00,0,7
style.css,97,css,03231f00,d4zhu,2025-04-11,22:32:19,-07:00,2025-04-11T22:32:19-07:00,0,17
style.css,98,css,03231f00,d4zhu,2025-04-11,22:32:19,-07:00,2025-04-11T22:32:19-07:00,0,18
style.css,99,css,03231f00,d4zhu,2025-04-11,22:32:19,-07:00,2025-04-11T22:32:19-07:00,0,22
style.css,100,css,03231f00,d4zhu,2025-04-11,22:32:19,-07:00,2025-04-11T22:32:19-07:00,0,18
style.css,101,css,03231f00,d4zhu,2025-04-11,22:32:19,-07:00,2025-04-11T22:32:19-07:00,0,15
style.css,102,css,ddd15b12,d4zhu,2025-04-11,22:39:46,-07:00,2025-04-11T22:39:46-07:00,0,23
style.css,103,css,03231f00,d4zhu,2025-04-11,22:32:19,-07:00,2025-04-11T22:32:19-07:00,0,0
style.css,104,css,03231f00,d4zhu,2025-04-11,22:32:19,-07:00,2025-04-11T22:32:19-07:00,0,0
style.css,105,css,03231f00,d4zhu,2025-04-11,22:32:19,-07:00,2025-04-11T22:32:19-07:00,0,9
style.css,106,css,03231f00,d4zhu,2025-04-11,22:32:19,-07:00,2025-04-11T22:32:19-07:00,0,24
style.css,107,css,03231f00,d4zhu,2025-04-11,22:32:19,-07:00,2025-04-11T22:32:19-07:00,0,26
style.css,108,css,da81e9e9,d4zhu,2025-04-19,19:47:20,-07:00,2025-04-19T19:47:20-07:00,0,40
style.css,109,css,03231f00,d4zhu,2025-04-11,22:32:19,-07:00,2025-04-11T22:32:19-07:00,0,17
style.css,110,css,03231f00,d4zhu,2025-04-11,22:32:19,-07:00,2025-04-11T22:32:19-07:00,0,0
style.css,111,css,03231f00,d4zhu,2025-04-11,22:32:19,-07:00,2025-04-11T22:32:19-07:00,0,0
style.css,112,css,f6a45d72,d4zhu,2025-04-26,18:22:43,-07:00,2025-04-26T18:22:43-07:00,0,21
style.css,113,css,03231f00,d4zhu,2025-04-11,22:32:19,-07:00,2025-04-11T22:32:19-07:00,0,10
style.css,114,css,03231f00,d4zhu,2025-04-11,22:32:19,-07:00,2025-04-11T22:32:19-07:00,0,13
style.css,115,css,03231f00,d4zhu,2025-04-11,22:32:19,-07:00,2025-04-11T22:32:19-07:00,0,59
style.css,116,css,03231f00,d4zhu,2025-04-11,22:32:19,-07:00,2025-04-11T22:32:19-07:00,0,34
style.css,117,css,03231f00,d4zhu,2025-04-11,22:32:19,-07:00,2025-04-11T22:32:19-07:00,0,8
style.css,118,css,03231f00,d4zhu,2025-04-11,22:32:19,-07:00,2025-04-11T22:32:19-07:00,0,0
style.css,119,css,03231f00,d4zhu,2025-04-11,22:32:19,-07:00,2025-04-11T22:32:19-07:00,0,0
style.css,120,css,03231f00,d4zhu,2025-04-11,22:32:19,-07:00,2025-04-11T22:32:19-07:00,0,20
style.css,121,css,03231f00,d4zhu,2025-04-11,22:32:19,-07:00,2025-04-11T22:32:19-07:00,0,13
style.css,122,css,03231f00,d4zhu,2025-04-11,22:32:19,-07:00,2025-04-11T22:32:19-07:00,0,27
style.css,123,css,03231f00,d4zhu,2025-04-11,22:32:19,-07:00,2025-04-11T22:32:19-07:00,0,16
style.css,124,css,03231f00,d4zhu,2025-04-11,22:32:19,-07:00,2025-04-11T22:32:19-07:00,0,8
style.css,125,css,03231f00,d4zhu,2025-04-11,22:32:19,-07:00,2025-04-11T22:32:19-07:00,0,9
style.css,126,css,03231f00,d4zhu,2025-04-11,22:32:19,-07:00,2025-04-11T22:32:19-07:00,0,16
style.css,127,css,03231f00,d4zhu,2025-04-11,22:32:19,-07:00,2025-04-11T22:32:19-07:00,0,0
style.css,128,css,03231f00,d4zhu,2025-04-11,22:32:19,-07:00,2025-04-11T22:32:19-07:00,0,0
style.css,129,css,03231f00,d4zhu,2025-04-11,22:32:19,-07:00,2025-04-11T22:32:19-07:00,0,25
style.css,130,css,03231f00,d4zhu,2025-04-11,22:32:19,-07:00,2025-04-11T22:32:19-07:00,0,9
style.css,131,css,03231f00,d4zhu,2025-04-11,22:32:19,-07:00,2025-04-11T22:32:19-07:00,0,0
style.css,132,css,03231f00,d4zhu,2025-04-11,22:32:19,-07:00,2025-04-11T22:32:19-07:00,0,0
style.css,133,css,f6a45d72,d4zhu,2025-04-26,18:22:43,-07:00,2025-04-26T18:22:43-07:00,0,14
style.css,134,css,f6a45d72,d4zhu,2025-04-26,18:22:43,-07:00,2025-04-26T18:22:43-07:00,0,11
style.css,135,css,f6a45d72,d4zhu,2025-04-26,18:22:43,-07:00,2025-04-26T18:22:43-07:00,0,58
style.css,136,css,f6a45d72,d4zhu,2025-04-26,18:22:43,-07:00,2025-04-26T18:22:43-07:00,0,17
style.css,137,css,f6a45d72,d4zhu,2025-04-26,18:22:43,-07:00,2025-04-26T18:22:43-07:00,0,77
style.css,138,css,f6a45d72,d4zhu,2025-04-26,18:22:43,-07:00,2025-04-26T18:22:43-07:00,0,0
style.css,139,css,f6a45d72,d4zhu,2025-04-26,18:22:43,-07:00,2025-04-26T18:22:43-07:00,0,0
style.css,140,css,3dd0e19f,d4zhu,2025-05-02,19:56:03,-07:00,2025-05-02T19:56:03-07:00,0,20
style.css,141,css,3dd0e19f,d4zhu,2025-05-02,19:56:03,-07:00,2025-05-02T19:56:03-07:00,0,16
style.css,142,css,3dd0e19f,d4zhu,2025-05-02,19:56:03,-07:00,2025-05-02T19:56:03-07:00,0,11
style.css,143,css,3dd0e19f,d4zhu,2025-05-02,19:56:03,-07:00,2025-05-02T19:56:03-07:00,0,0
style.css,144,css,3dd0e19f,d4zhu,2025-05-02,19:56:03,-07:00,2025-05-02T19:56:03-07:00,0,0
style.css,145,css,3dd0e19f,d4zhu,2025-05-02,19:56:03,-07:00,2025-05-02T19:56:03-07:00,0,15
style.css,146,css,3dd0e19f,d4zhu,2025-05-02,19:56:03,-07:00,2025-05-02T19:56:03-07:00,0,15
style.css,147,css,3dd0e19f,d4zhu,2025-05-02,19:56:03,-07:00,2025-05-02T19:56:03-07:00,0,17
style.css,148,css,3dd0e19f,d4zhu,2025-05-02,19:56:03,-07:00,2025-05-02T19:56:03-07:00,0,17
style.css,149,css,3dd0e19f,d4zhu,2025-05-02,19:56:03,-07:00,2025-05-02T19:56:03-07:00,0,14
style.css,150,css,3dd0e19f,d4zhu,2025-05-02,19:56:03,-07:00,2025-05-02T19:56:03-07:00,0,0
style.css,151,css,3dd0e19f,d4zhu,2025-05-02,19:56:03,-07:00,2025-05-02T19:56:03-07:00,0,0
style.css,152,css,3dd0e19f,d4zhu,2025-05-02,19:56:03,-07:00,2025-05-02T19:56:03-07:00,0,59
style.css,153,css,3dd0e19f,d4zhu,2025-05-02,19:56:03,-07:00,2025-05-02T19:56:03-07:00,0,48
style.css,154,css,3dd0e19f,d4zhu,2025-05-02,19:56:03,-07:00,2025-05-02T19:56:03-07:00,0,12
style.css,155,css,3dd0e19f,d4zhu,2025-05-02,19:56:03,-07:00,2025-05-02T19:56:03-07:00,0,0
style.css,156,css,3dd0e19f,d4zhu,2025-05-02,19:56:03,-07:00,2025-05-02T19:56:03-07:00,0,0
style.css,157,css,3dd0e19f,d4zhu,2025-05-02,19:56:03,-07:00,2025-05-02T19:56:03-07:00,0,71
style.css,158,css,3dd0e19f,d4zhu,2025-05-02,19:56:03,-07:00,2025-05-02T19:56:03-07:00,0,20
style.css,159,css,3dd0e19f,d4zhu,2025-05-02,19:56:03,-07:00,2025-05-02T19:56:03-07:00,0,25
style.css,160,css,3dd0e19f,d4zhu,2025-05-02,19:56:03,-07:00,2025-05-02T19:56:03-07:00,0,15
style.css,161,css,3dd0e19f,d4zhu,2025-05-02,19:56:03,-07:00,2025-05-02T19:56:03-07:00,0,0
style.css,162,css,3dd0e19f,d4zhu,2025-05-02,19:56:03,-07:00,2025-05-02T19:56:03-07:00,0,0
style.css,163,css,3dd0e19f,d4zhu,2025-05-02,19:56:03,-07:00,2025-05-02T19:56:03-07:00,0,10
style.css,164,css,3dd0e19f,d4zhu,2025-05-02,19:56:03,-07:00,2025-05-02T19:56:03-07:00,0,36
style.css,165,css,3dd0e19f,d4zhu,2025-05-02,19:56:03,-07:00,2025-05-02T19:56:03-07:00,0,0
style.css,166,css,3dd0e19f,d4zhu,2025-05-02,19:56:03,-07:00,2025-05-02T19:56:03-07:00,0,11
style.css,167,css,3dd0e19f,d4zhu,2025-05-02,19:56:03,-07:00,2025-05-02T19:56:03-07:00,0,18
style.css,168,css,3dd0e19f,d4zhu,2025-05-02,19:56:03,-07:00,2025-05-02T19:56:03-07:00,0,0
style.css,169,css,3dd0e19f,d4zhu,2025-05-02,19:56:03,-07:00,2025-05-02T19:56:03-07:00,0,0
style.css,170,css,3dd0e19f,d4zhu,2025-05-02,19:56:03,-07:00,2025-05-02T19:56:03-07:00,0,0
style.css,171,css,3dd0e19f,d4zhu,2025-05-02,19:56:03,-07:00,2025-05-02T19:56:03-07:00,0,11
style.css,172,css,3dd0e19f,d4zhu,2025-05-02,19:56:03,-07:00,2025-05-02T19:56:03-07:00,0,19
style.css,173,css,3dd0e19f,d4zhu,2025-05-02,19:56:03,-07:00,2025-05-02T19:56:03-07:00,0,0
style.css,174,css,3dd0e19f,d4zhu,2025-05-02,19:56:03,-07:00,2025-05-02T19:56:03-07:00,0,0
style.css,175,css,3dd0e19f,d4zhu,2025-05-02,19:56:03,-07:00,2025-05-02T19:56:03-07:00,0,50
style.css,176,css,3dd0e19f,d4zhu,2025-05-02,19:56:03,-07:00,2025-05-02T19:56:03-07:00,0,11
style.css,177,css,3dd0e19f,d4zhu,2025-05-02,19:56:03,-07:00,2025-05-02T19:56:03-07:00,0,13
style.css,178,css,3dd0e19f,d4zhu,2025-05-02,19:56:03,-07:00,2025-05-02T19:56:03-07:00,0,9
style.css,179,css,3dd0e19f,d4zhu,2025-05-02,19:56:03,-07:00,2025-05-02T19:56:03-07:00,0,15
style.css,180,css,3dd0e19f,d4zhu,2025-05-02,19:56:03,-07:00,2025-05-02T19:56:03-07:00,0,19
style.css,181,css,3dd0e19f,d4zhu,2025-05-02,19:56:03,-07:00,2025-05-02T19:56:03-07:00,0,0
style.css,182,css,3dd0e19f,d4zhu,2025-05-02,19:56:03,-07:00,2025-05-02T19:56:03-07:00,0,0
style.css,183,css,3dd0e19f,d4zhu,2025-05-02,19:56:03,-07:00,2025-05-02T19:56:03-07:00,0,24
style.css,184,css,3dd0e19f,d4zhu,2025-05-02,19:56:03,-07:00,2025-05-02T19:56:03-07:00,0,8
style.css,185,css,3dd0e19f,d4zhu,2025-05-02,19:56:03,-07:00,2025-05-02T19:56:03-07:00,0,13
style.css,186,css,3dd0e19f,d4zhu,2025-05-02,19:56:03,-07:00,2025-05-02T19:56:03-07:00,0,58
style.css,187,css,3dd0e19f,d4zhu,2025-05-02,19:56:03,-07:00,2025-05-02T19:56:03-07:00,0,9
style.css,188,css,3dd0e19f,d4zhu,2025-05-02,19:56:03,-07:00,2025-05-02T19:56:03-07:00,0,16
style.css,189,css,3dd0e19f,d4zhu,2025-05-02,19:56:03,-07:00,2025-05-02T19:56:03-07:00,0,13
style.css,190,css,3dd0e19f,d4zhu,2025-05-02,19:56:03,-07:00,2025-05-02T19:56:03-07:00,0,37
style.css,191,css,3dd0e19f,d4zhu,2025-05-02,19:56:03,-07:00,2025-05-02T19:56:03-07:00,0,21
style.css,192,css,3dd0e19f,d4zhu,2025-05-02,19:56:03,-07:00,2025-05-02T19:56:03-07:00,0,52
style.css,193,css,3dd0e19f,d4zhu,2025-05-02,19:56:03,-07:00,2025-05-02T19:56:03-07:00,0,51
style.css,194,css,3dd0e19f,d4zhu,2025-05-02,19:56:03,-07:00,2025-05-02T19:56:03-07:00,0,0
style.css,195,css,3dd0e19f,d4zhu,2025-05-02,19:56:03,-07:00,2025-05-02T19:56:03-07:00,0,0
style.css,196,css,3dd0e19f,d4zhu,2025-05-02,19:56:03,-07:00,2025-05-02T19:56:03-07:00,0,22
style.css,197,css,3dd0e19f,d4zhu,2025-05-02,19:56:03,-07:00,2025-05-02T19:56:03-07:00,0,13
style.css,198,css,3dd0e19f,d4zhu,2025-05-02,19:56:03,-07:00,2025-05-02T19:56:03-07:00,0,13
style.css,199,css,3dd0e19f,d4zhu,2025-05-02,19:56:03,-07:00,2025-05-02T19:56:03-07:00,0,19
style.css,200,css,3dd0e19f,d4zhu,2025-05-02,19:56:03,-07:00,2025-05-02T19:56:03-07:00,0,11
style.css,201,css,3dd0e19f,d4zhu,2025-05-02,19:56:03,-07:00,2025-05-02T19:56:03-07:00,0,0
style.css,202,css,3dd0e19f,d4zhu,2025-05-02,19:56:03,-07:00,2025-05-02T19:56:03-07:00,0,0
style.css,203,css,3dd0e19f,d4zhu,2025-05-02,19:56:03,-07:00,2025-05-02T19:56:03-07:00,0,42
style.css,204,css,3dd0e19f,d4zhu,2025-05-02,19:56:03,-07:00,2025-05-02T19:56:03-07:00,0,21
style.css,205,css,3dd0e19f,d4zhu,2025-05-02,19:56:03,-07:00,2025-05-02T19:56:03-07:00,0,21
style.css,206,css,3dd0e19f,d4zhu,2025-05-02,19:56:03,-07:00,2025-05-02T19:56:03-07:00,0,10
style.css,207,css,3dd0e19f,d4zhu,2025-05-02,19:56:03,-07:00,2025-05-02T19:56:03-07:00,0,17
style.css,208,css,3dd0e19f,d4zhu,2025-05-02,19:56:03,-07:00,2025-05-02T19:56:03-07:00,0,30
style.css,209,css,3dd0e19f,d4zhu,2025-05-02,19:56:03,-07:00,2025-05-02T19:56:03-07:00,0,22
style.css,210,css,3dd0e19f,d4zhu,2025-05-02,19:56:03,-07:00,2025-05-02T19:56:03-07:00,0,0
style.css,211,css,3dd0e19f,d4zhu,2025-05-02,19:56:03,-07:00,2025-05-02T19:56:03-07:00,0,0
style.css,212,css,03231f00,d4zhu,2025-04-11,22:32:19,-07:00,2025-04-11T22:32:19-07:00,0,8
style.css,213,css,03231f00,d4zhu,2025-04-11,22:32:19,-07:00,2025-04-11T22:32:19-07:00,0,13
style.css,214,css,03231f00,d4zhu,2025-04-11,22:32:19,-07:00,2025-04-11T22:32:19-07:00,0,51
style.css,215,css,03231f00,d4zhu,2025-04-11,22:32:19,-07:00,2025-04-11T22:32:19-07:00,0,8
style.css,216,css,03231f00,d4zhu,2025-04-11,22:32:19,-07:00,2025-04-11T22:32:19-07:00,0,53
style.css,217,css,03231f00,d4zhu,2025-04-11,22:32:19,-07:00,2025-04-11T22:32:19-07:00,0,16
style.css,218,css,03231f00,d4zhu,2025-04-11,22:32:19,-07:00,2025-04-11T22:32:19-07:00,0,14
style.css,219,css,03231f00,d4zhu,2025-04-11,22:32:19,-07:00,2025-04-11T22:32:19-07:00,0,0
style.css,220,css,03231f00,d4zhu,2025-04-11,22:32:19,-07:00,2025-04-11T22:32:19-07:00,0,39
style.css,221,css,03231f00,d4zhu,2025-04-11,22:32:19,-07:00,2025-04-11T22:32:19-07:00,0,16
style.css,222,css,03231f00,d4zhu,2025-04-11,22:32:19,-07:00,2025-04-11T22:32:19-07:00,0,0
style.css,223,css,03231f00,d4zhu,2025-04-11,22:32:19,-07:00,2025-04-11T22:32:19-07:00,0,0
style.css,224,css,03231f00,d4zhu,2025-04-11,22:32:19,-07:00,2025-04-11T22:32:19-07:00,0,23
style.css,225,css,03231f00,d4zhu,2025-04-11,22:32:19,-07:00,2025-04-11T22:32:19-07:00,0,9
style.css,226,css,03231f00,d4zhu,2025-04-11,22:32:19,-07:00,2025-04-11T22:32:19-07:00,0,14
style.css,227,css,03231f00,d4zhu,2025-04-11,22:32:19,-07:00,2025-04-11T22:32:19-07:00,0,0
style.css,228,css,03231f00,d4zhu,2025-04-11,22:32:19,-07:00,2025-04-11T22:32:19-07:00,0,0
style.css,229,css,03231f00,d4zhu,2025-04-11,22:32:19,-07:00,2025-04-11T22:32:19-07:00,0,6
style.css,230,css,03231f00,d4zhu,2025-04-11,22:32:19,-07:00,2025-04-11T22:32:19-07:00,0,39
style.css,231,css,03231f00,d4zhu,2025-04-11,22:32:19,-07:00,2025-04-11T22:32:19-07:00,0,18
style.css,232,css,03231f00,d4zhu,2025-04-11,22:32:19,-07:00,2025-04-11T22:32:19-07:00,0,31
style.css,233,css,03231f00,d4zhu,2025-04-11,22:32:19,-07:00,2025-04-11T22:32:19-07:00,0,17
style.css,234,css,03231f00,d4zhu,2025-04-11,22:32:19,-07:00,2025-04-11T22:32:19-07:00,0,66
style.css,235,css,03231f00,d4zhu,2025-04-11,22:32:19,-07:00,2025-04-11T22:32:19-07:00,0,16
style.css,236,css,03231f00,d4zhu,2025-04-11,22:32:19,-07:00,2025-04-11T22:32:19-07:00,0,0
style.css,237,css,03231f00,d4zhu,2025-04-11,22:32:19,-07:00,2025-04-11T22:32:19-07:00,0,0
style.css,238,css,03231f00,d4zhu,2025-04-11,22:32:19,-07:00,2025-04-11T22:32:19-07:00,0,10
style.css,239,css,03231f00,d4zhu,2025-04-11,22:32:19,-07:00,2025-04-11T22:32:19-07:00,0,30
style.css,240,css,03231f00,d4zhu,2025-04-11,22:32:19,-07:00,2025-04-11T22:32:19-07:00,0,14
style.css,241,css,03231f00,d4zhu,2025-04-11,22:32:19,-07:00,2025-04-11T22:32:19-07:00,0,56
style.css,242,css,03231f00,d4zhu,2025-04-11,22:32:19,-07:00,2025-04-11T22:32:19-07:00,0,43
style.css,243,css,03231f00,d4zhu,2025-04-11,22:32:19,-07:00,2025-04-11T22:32:19-07:00,0,71
style.css,244,css,03231f00,d4zhu,2025-04-11,22:32:19,-07:00,2025-04-11T22:32:19-07:00,0,0
style.css,245,css,03231f00,d4zhu,2025-04-11,22:32:19,-07:00,2025-04-11T22:32:19-07:00,0,0
style.css,246,css,03231f00,d4zhu,2025-04-11,22:32:19,-07:00,2025-04-11T22:32:19-07:00,0,8
style.css,247,css,03231f00,d4zhu,2025-04-11,22:32:19,-07:00,2025-04-11T22:32:19-07:00,0,63
style.css,248,css,03231f00,d4zhu,2025-04-11,22:32:19,-07:00,2025-04-11T22:32:19-07:00,0,16
style.css,249,css,03231f00,d4zhu,2025-04-11,22:32:19,-07:00,2025-04-11T22:32:19-07:00,0,16
style.css,250,css,03231f00,d4zhu,2025-04-11,22:32:19,-07:00,2025-04-11T22:32:19-07:00,0,16
style.css,251,css,03231f00,d4zhu,2025-04-11,22:32:19,-07:00,2025-04-11T22:32:19-07:00,0,0
style.css,252,css,f6a45d72,d4zhu,2025-04-26,18:22:43,-07:00,2025-04-26T18:22:43-07:00,0,0
style.css,253,css,f6a45d72,d4zhu,2025-04-26,18:22:43,-07:00,2025-04-26T18:22:43-07:00,0,19
style.css,254,css,f6a45d72,d4zhu,2025-04-26,18:22:43,-07:00,2025-04-26T18:22:43-07:00,0,18
style.css,255,css,f6a45d72,d4zhu,2025-04-26,18:22:43,-07:00,2025-04-26T18:22:43-07:00,0,13
style.css,256,css,f6a45d72,d4zhu,2025-04-26,18:22:43,-07:00,2025-04-26T18:22:43-07:00,0,59
style.css,257,css,f6a45d72,d4zhu,2025-04-26,18:22:43,-07:00,2025-04-26T18:22:43-07:00,0,11
style.css,258,css,f6a45d72,d4zhu,2025-04-26,18:22:43,-07:00,2025-04-26T18:22:43-07:00,0,18
style.css,259,css,f6a45d72,d4zhu,2025-04-26,18:22:43,-07:00,2025-04-26T18:22:43-07:00,0,0
style.css,260,css,f6a45d72,d4zhu,2025-04-26,18:22:43,-07:00,2025-04-26T18:22:43-07:00,0,0
style.css,261,css,f6a45d72,d4zhu,2025-04-26,18:22:43,-07:00,2025-04-26T18:22:43-07:00,0,18
style.css,262,css,f6a45d72,d4zhu,2025-04-26,18:22:43,-07:00,2025-04-26T18:22:43-07:00,0,11
style.css,263,css,f6a45d72,d4zhu,2025-04-26,18:22:43,-07:00,2025-04-26T18:22:43-07:00,0,14
style.css,264,css,f6a45d72,d4zhu,2025-04-26,18:22:43,-07:00,2025-04-26T18:22:43-07:00,0,49
style.css,265,css,f6a45d72,d4zhu,2025-04-26,18:22:43,-07:00,2025-04-26T18:22:43-07:00,0,0
style.css,266,css,f6a45d72,d4zhu,2025-04-26,18:22:43,-07:00,2025-04-26T18:22:43-07:00,0,0
style.css,267,css,f6a45d72,d4zhu,2025-04-26,18:22:43,-07:00,2025-04-26T18:22:43-07:00,0,18
style.css,268,css,f6a45d72,d4zhu,2025-04-26,18:22:43,-07:00,2025-04-26T18:22:43-07:00,0,15
style.css,269,css,f6a45d72,d4zhu,2025-04-26,18:22:43,-07:00,2025-04-26T18:22:43-07:00,0,9
style.css,270,css,f6a45d72,d4zhu,2025-04-26,18:22:43,-07:00,2025-04-26T18:22:43-07:00,0,50
style.css,271,css,f6a45d72,d4zhu,2025-04-26,18:22:43,-07:00,2025-04-26T18:22:43-07:00,0,0
index.js,1,js,f6a45d72,d4zhu,2025-04-26,18:22:43,-07:00,2025-04-26T18:22:43-07:00,0,72
index.js,2,js,f6a45d72,d4zhu,2025-04-26,18:22:43,-07:00,2025-04-26T18:22:43-07:00,0,0
index.js,3,js,f6a45d72,d4zhu,2025-04-26,18:22:43,-07:00,2025-04-26T18:22:43-07:00,0,23
index.js,4,js,f6a45d72,d4zhu,2025-04-26,18:22:43,-07:00,2025-04-26T18:22:43-07:00,0,55
index.js,5,js,f6a45d72,d4zhu,2025-04-26,18:22:43,-07:00,2025-04-26T18:22:43-07:00,0,0
index.js,6,js,f6a45d72,d4zhu,2025-04-26,18:22:43,-07:00,2025-04-26T18:22:43-07:00,0,52
index.js,7,js,f6a45d72,d4zhu,2025-04-26,18:22:43,-07:00,2025-04-26T18:22:43-07:00,0,60
index.js,8,js,f6a45d72,d4zhu,2025-04-26,18:22:43,-07:00,2025-04-26T18:22:43-07:00,0,10
index.js,9,js,f6a45d72,d4zhu,2025-04-26,18:22:43,-07:00,2025-04-26T18:22:43-07:00,0,74
index.js,10,js,f6a45d72,d4zhu,2025-04-26,18:22:43,-07:00,2025-04-26T18:22:43-07:00,0,3
index.js,11,js,f6a45d72,d4zhu,2025-04-26,18:22:43,-07:00,2025-04-26T18:22:43-07:00,0,0
index.js,12,js,f6a45d72,d4zhu,2025-04-26,18:22:43,-07:00,2025-04-26T18:22:43-07:00,0,49
index.js,13,js,f6a45d72,d4zhu,2025-04-26,18:22:43,-07:00,2025-04-26T18:22:43-07:00,0,61
index.js,14,js,f6a45d72,d4zhu,2025-04-26,18:22:43,-07:00,2025-04-26T18:22:43-07:00,0,55
index.js,15,js,f6a45d72,d4zhu,2025-04-26,18:22:43,-07:00,2025-04-26T18:22:43-07:00,0,0
index.js,16,js,f6a45d72,d4zhu,2025-04-26,18:22:43,-07:00,2025-04-26T18:22:43-07:00,0,30
index.js,17,js,f6a45d72,d4zhu,2025-04-26,18:22:43,-07:00,2025-04-26T18:22:43-07:00,0,49
index.js,18,js,f6a45d72,d4zhu,2025-04-26,18:22:43,-07:00,2025-04-26T18:22:43-07:00,0,0
index.js,19,js,f6a45d72,d4zhu,2025-04-26,18:22:43,-07:00,2025-04-26T18:22:43-07:00,0,57
index.js,20,js,f6a45d72,d4zhu,2025-04-26,18:22:43,-07:00,2025-04-26T18:22:43-07:00,0,61
index.js,21,js,f6a45d72,d4zhu,2025-04-26,18:22:43,-07:00,2025-04-26T18:22:43-07:00,0,0
index.js,22,js,f6a45d72,d4zhu,2025-04-26,18:22:43,-07:00,2025-04-26T18:22:43-07:00,0,18
index.js,23,js,f6a45d72,d4zhu,2025-04-26,18:22:43,-07:00,2025-04-26T18:22:43-07:00,0,25
index.js,24,js,f6a45d72,d4zhu,2025-04-26,18:22:43,-07:00,2025-04-26T18:22:43-07:00,0,3
index.js,25,js,f6a45d72,d4zhu,2025-04-26,18:22:43,-07:00,2025-04-26T18:22:43-07:00,0,56
index.js,26,js,f6a45d72,d4zhu,2025-04-26,18:22:43,-07:00,2025-04-26T18:22:43-07:00,0,56
index.js,27,js,f6a45d72,d4zhu,2025-04-26,18:22:43,-07:00,2025-04-26T18:22:43-07:00,0,50
index.js,28,js,f6a45d72,d4zhu,2025-04-26,18:22:43,-07:00,2025-04-26T18:22:43-07:00,0,50
index.js,29,js,f6a45d72,d4zhu,2025-04-26,18:22:43,-07:00,2025-04-26T18:22:43-07:00,0,4
index.js,30,js,f6a45d72,d4zhu,2025-04-26,18:22:43,-07:00,2025-04-26T18:22:43-07:00,0,1
index.js,31,js,f6a45d72,d4zhu,2025-04-26,18:22:43,-07:00,2025-04-26T18:22:43-07:00,0,0
index.html,1,html,b9dca1d0,d4zhu,2025-04-04,14:21:59,-07:00,2025-04-04T14:21:59-07:00,0,14
index.html,2,html,b9dca1d0,d4zhu,2025-04-04,14:21:59,-07:00,2025-04-04T14:21:59-07:00,0,15
index.html,3,html,b9dca1d0,d4zhu,2025-04-04,14:21:59,-07:00,2025-04-04T14:21:59-07:00,0,5
index.html,4,html,b9dca1d0,d4zhu,2025-04-04,14:21:59,-07:00,2025-04-04T14:21:59-07:00,0,21
index.html,5,html,b9dca1d0,d4zhu,2025-04-04,14:21:59,-07:00,2025-04-04T14:21:59-07:00,0,69
index.html,6,html,b9dca1d0,d4zhu,2025-04-04,14:21:59,-07:00,2025-04-04T14:21:59-07:00,0,53
index.html,7,html,a7990531,d4zhu,2025-04-04,18:24:42,-07:00,2025-04-04T18:24:42-07:00,0,50
index.html,8,html,b9dca1d0,d4zhu,2025-04-04,14:21:59,-07:00,2025-04-04T14:21:59-07:00,0,6
index.html,9,html,92d69bb1,d4zhu,2025-04-04,17:22:04,-07:00,2025-04-04T17:22:04-07:00,0,0
index.html,10,html,b9dca1d0,d4zhu,2025-04-04,14:21:59,-07:00,2025-04-04T14:21:59-07:00,0,5
index.html,11,html,da81e9e9,d4zhu,2025-04-19,19:47:20,-07:00,2025-04-19T19:47:20-07:00,0,9
index.html,12,html,da81e9e9,d4zhu,2025-04-19,19:47:20,-07:00,2025-04-19T19:47:20-07:00,0,29
index.html,13,html,a9a90c8b,d4zhu,2025-04-04,18:18:50,-07:00,2025-04-04T18:18:50-07:00,0,42
index.html,14,html,a9a90c8b,d4zhu,2025-04-04,18:18:50,-07:00,2025-04-04T18:18:50-07:00,0,40
index.html,15,html,a9a90c8b,d4zhu,2025-04-04,18:18:50,-07:00,2025-04-04T18:18:50-07:00,0,38
index.html,16,html,92d69bb1,d4zhu,2025-04-04,17:22:04,-07:00,2025-04-04T17:22:04-07:00,0,60
index.html,17,html,da81e9e9,d4zhu,2025-04-19,19:47:20,-07:00,2025-04-19T19:47:20-07:00,0,9
index.html,18,html,92d69bb1,d4zhu,2025-04-04,17:22:04,-07:00,2025-04-04T17:22:04-07:00,0,0
index.html,19,html,03231f00,d4zhu,2025-04-11,22:32:19,-07:00,2025-04-11T22:32:19-07:00,0,46
index.html,20,html,6336ff64,d4zhu,2025-04-04,17:35:17,-07:00,2025-04-04T17:35:17-07:00,0,0
index.html,21,html,03231f00,d4zhu,2025-04-11,22:32:19,-07:00,2025-04-11T22:32:19-07:00,0,17
index.html,22,html,03231f00,d4zhu,2025-04-11,22:32:19,-07:00,2025-04-11T22:32:19-07:00,0,3
index.html,23,html,03231f00,d4zhu,2025-04-11,22:32:19,-07:00,2025-04-11T22:32:19-07:00,0,22
index.html,24,html,03231f00,d4zhu,2025-04-11,22:32:19,-07:00,2025-04-11T22:32:19-07:00,0,26
index.html,25,html,03231f00,d4zhu,2025-04-11,22:32:19,-07:00,2025-04-11T22:32:19-07:00,0,11
index.html,26,html,03231f00,d4zhu,2025-04-11,22:32:19,-07:00,2025-04-11T22:32:19-07:00,0,11
index.html,27,html,03231f00,d4zhu,2025-04-11,22:32:19,-07:00,2025-04-11T22:32:19-07:00,0,0
index.html,28,html,03231f00,d4zhu,2025-04-11,22:32:19,-07:00,2025-04-11T22:32:19-07:00,0,2
index.html,29,html,03231f00,d4zhu,2025-04-11,22:32:19,-07:00,2025-04-11T22:32:19-07:00,0,394
index.html,30,html,03231f00,d4zhu,2025-04-11,22:32:19,-07:00,2025-04-11T22:32:19-07:00,0,3
index.html,31,html,03231f00,d4zhu,2025-04-11,22:32:19,-07:00,2025-04-11T22:32:19-07:00,0,5
index.html,32,html,da81e9e9,d4zhu,2025-04-19,19:47:20,-07:00,2025-04-19T19:47:20-07:00,0,0
index.html,33,html,f6a45d72,d4zhu,2025-04-26,18:22:43,-07:00,2025-04-26T18:22:43-07:00,0,3
index.html,34,html,f6a45d72,d4zhu,2025-04-26,18:22:43,-07:00,2025-04-26T18:22:43-07:00,0,0
index.html,35,html,f6a45d72,d4zhu,2025-04-26,18:22:43,-07:00,2025-04-26T18:22:43-07:00,0,67
index.html,36,html,f6a45d72,d4zhu,2025-04-26,18:22:43,-07:00,2025-04-26T18:22:43-07:00,0,21
index.html,37,html,f6a45d72,d4zhu,2025-04-26,18:22:43,-07:00,2025-04-26T18:22:43-07:00,0,50
index.html,38,html,f6a45d72,d4zhu,2025-04-26,18:22:43,-07:00,2025-04-26T18:22:43-07:00,0,5
index.html,39,html,f6a45d72,d4zhu,2025-04-26,18:22:43,-07:00,2025-04-26T18:22:43-07:00,0,0
index.html,40,html,f6a45d72,d4zhu,2025-04-26,18:22:43,-07:00,2025-04-26T18:22:43-07:00,0,3
index.html,41,html,f6a45d72,d4zhu,2025-04-26,18:22:43,-07:00,2025-04-26T18:22:43-07:00,0,0
index.html,42,html,f6a45d72,d4zhu,2025-04-26,18:22:43,-07:00,2025-04-26T18:22:43-07:00,0,67
index.html,43,html,f6a45d72,d4zhu,2025-04-26,18:22:43,-07:00,2025-04-26T18:22:43-07:00,0,29
index.html,44,html,f6a45d72,d4zhu,2025-04-26,18:22:43,-07:00,2025-04-26T18:22:43-07:00,0,0
index.html,45,html,f6a45d72,d4zhu,2025-04-26,18:22:43,-07:00,2025-04-26T18:22:43-07:00,0,46
index.html,46,html,f6a45d72,d4zhu,2025-04-26,18:22:43,-07:00,2025-04-26T18:22:43-07:00,0,47
index.html,47,html,b9dca1d0,d4zhu,2025-04-04,14:21:59,-07:00,2025-04-04T14:21:59-07:00,0,6
index.html,48,html,83465650,d4zhu,2025-04-04,17:56:05,-07:00,2025-04-04T17:56:05-07:00,0,6
global.js,1,js,f6a45d72,d4zhu,2025-04-26,18:22:43,-07:00,2025-04-26T18:22:43-07:00,0,6
global.js,2,js,da81e9e9,d4zhu,2025-04-19,19:47:20,-07:00,2025-04-19T19:47:20-07:00,0,26
global.js,3,js,da81e9e9,d4zhu,2025-04-19,19:47:20,-07:00,2025-04-19T19:47:20-07:00,0,0
global.js,4,js,da81e9e9,d4zhu,2025-04-19,19:47:20,-07:00,2025-04-19T19:47:20-07:00,0,12
global.js,5,js,722bf99b,d4zhu,2025-04-19,19:55:20,-07:00,2025-04-19T19:55:20-07:00,0,37
global.js,6,js,da81e9e9,d4zhu,2025-04-19,19:47:20,-07:00,2025-04-19T19:47:20-07:00,0,50
global.js,7,js,da81e9e9,d4zhu,2025-04-19,19:47:20,-07:00,2025-04-19T19:47:20-07:00,0,48
global.js,8,js,da81e9e9,d4zhu,2025-04-19,19:47:20,-07:00,2025-04-19T19:47:20-07:00,0,46
global.js,9,js,00000000,Not Committed Yet,2025-05-09,16:47:52,-07:00,2025-05-09T16:47:52-07:00,0,42
global.js,10,js,da81e9e9,d4zhu,2025-04-19,19:47:20,-07:00,2025-04-19T19:47:20-07:00,0,52
global.js,11,js,da81e9e9,d4zhu,2025-04-19,19:47:20,-07:00,2025-04-19T19:47:20-07:00,0,1
global.js,12,js,da81e9e9,d4zhu,2025-04-19,19:47:20,-07:00,2025-04-19T19:47:20-07:00,0,0
global.js,13,js,da81e9e9,d4zhu,2025-04-19,19:47:20,-07:00,2025-04-19T19:47:20-07:00,0,39
global.js,14,js,da81e9e9,d4zhu,2025-04-19,19:47:20,-07:00,2025-04-19T19:47:20-07:00,0,26
global.js,15,js,da81e9e9,d4zhu,2025-04-19,19:47:20,-07:00,2025-04-19T19:47:20-07:00,0,0
global.js,16,js,da81e9e9,d4zhu,2025-04-19,19:47:20,-07:00,2025-04-19T19:47:20-07:00,0,21
global.js,17,js,da81e9e9,d4zhu,2025-04-19,19:47:20,-07:00,2025-04-19T19:47:20-07:00,0,15
global.js,18,js,da81e9e9,d4zhu,2025-04-19,19:47:20,-07:00,2025-04-19T19:47:20-07:00,0,19
global.js,19,js,da81e9e9,d4zhu,2025-04-19,19:47:20,-07:00,2025-04-19T19:47:20-07:00,0,35
global.js,20,js,da81e9e9,d4zhu,2025-04-19,19:47:20,-07:00,2025-04-19T19:47:20-07:00,0,12
global.js,21,js,da81e9e9,d4zhu,2025-04-19,19:47:20,-07:00,2025-04-19T19:47:20-07:00,0,21
global.js,22,js,da81e9e9,d4zhu,2025-04-19,19:47:20,-07:00,2025-04-19T19:47:20-07:00,0,0
global.js,23,js,cbf83890,d4zhu,2025-04-19,20:00:23,-07:00,2025-04-19T20:00:23-07:00,0,15
global.js,24,js,cbf83890,d4zhu,2025-04-19,20:00:23,-07:00,2025-04-19T20:00:23-07:00,0,81
global.js,25,js,cbf83890,d4zhu,2025-04-19,20:00:23,-07:00,2025-04-19T20:00:23-07:00,0,79
global.js,26,js,da81e9e9,d4zhu,2025-04-19,19:47:20,-07:00,2025-04-19T19:47:20-07:00,0,0
global.js,27,js,cbf83890,d4zhu,2025-04-19,20:00:23,-07:00,2025-04-19T20:00:23-07:00,0,3
global.js,28,js,cbf83890,d4zhu,2025-04-19,20:00:23,-07:00,2025-04-19T20:00:23-07:00,0,64
global.js,29,js,cbf83890,d4zhu,2025-04-19,20:00:23,-07:00,2025-04-19T20:00:23-07:00,0,9
global.js,30,js,cbf83890,d4zhu,2025-04-19,20:00:23,-07:00,2025-04-19T20:00:23-07:00,0,2
global.js,31,js,cbf83890,d4zhu,2025-04-19,20:00:23,-07:00,2025-04-19T20:00:23-07:00,0,26
global.js,32,js,cbf83890,d4zhu,2025-04-19,20:00:23,-07:00,2025-04-19T20:00:23-07:00,0,0
global.js,33,js,da81e9e9,d4zhu,2025-04-19,19:47:20,-07:00,2025-04-19T19:47:20-07:00,0,30
global.js,34,js,da81e9e9,d4zhu,2025-04-19,19:47:20,-07:00,2025-04-19T19:47:20-07:00,0,34
global.js,35,js,da81e9e9,d4zhu,2025-04-19,19:47:20,-07:00,2025-04-19T19:47:20-07:00,0,0
global.js,36,js,da81e9e9,d4zhu,2025-04-19,19:47:20,-07:00,2025-04-19T19:47:20-07:00,0,0
global.js,37,js,da81e9e9,d4zhu,2025-04-19,19:47:20,-07:00,2025-04-19T19:47:20-07:00,0,13
global.js,38,js,da81e9e9,d4zhu,2025-04-19,19:47:20,-07:00,2025-04-19T19:47:20-07:00,0,0
global.js,39,js,da81e9e9,d4zhu,2025-04-19,19:47:20,-07:00,2025-04-19T19:47:20-07:00,0,0
global.js,40,js,da81e9e9,d4zhu,2025-04-19,19:47:20,-07:00,2025-04-19T19:47:20-07:00,0,32
global.js,41,js,da81e9e9,d4zhu,2025-04-19,19:47:20,-07:00,2025-04-19T19:47:20-07:00,0,12
global.js,42,js,da81e9e9,d4zhu,2025-04-19,19:47:20,-07:00,2025-04-19T19:47:20-07:00,0,0
global.js,43,js,da81e9e9,d4zhu,2025-04-19,19:47:20,-07:00,2025-04-19T19:47:20-07:00,0,27
global.js,44,js,da81e9e9,d4zhu,2025-04-19,19:47:20,-07:00,2025-04-19T19:47:20-07:00,0,5
global.js,45,js,da81e9e9,d4zhu,2025-04-19,19:47:20,-07:00,2025-04-19T19:47:20-07:00,0,32
global.js,46,js,da81e9e9,d4zhu,2025-04-19,19:47:20,-07:00,2025-04-19T19:47:20-07:00,0,44
global.js,47,js,da81e9e9,d4zhu,2025-04-19,19:47:20,-07:00,2025-04-19T19:47:20-07:00,0,35
global.js,48,js,da81e9e9,d4zhu,2025-04-19,19:47:20,-07:00,2025-04-19T19:47:20-07:00,0,33
global.js,49,js,da81e9e9,d4zhu,2025-04-19,19:47:20,-07:00,2025-04-19T19:47:20-07:00,0,8
global.js,50,js,da81e9e9,d4zhu,2025-04-19,19:47:20,-07:00,2025-04-19T19:47:20-07:00,0,7
global.js,51,js,da81e9e9,d4zhu,2025-04-19,19:47:20,-07:00,2025-04-19T19:47:20-07:00,0,0
global.js,52,js,da81e9e9,d4zhu,2025-04-19,19:47:20,-07:00,2025-04-19T19:47:20-07:00,0,1
global.js,53,js,da81e9e9,d4zhu,2025-04-19,19:47:20,-07:00,2025-04-19T19:47:20-07:00,0,0
global.js,54,js,da81e9e9,d4zhu,2025-04-19,19:47:20,-07:00,2025-04-19T19:47:20-07:00,0,61
global.js,55,js,da81e9e9,d4zhu,2025-04-19,19:47:20,-07:00,2025-04-19T19:47:20-07:00,0,0
global.js,56,js,da81e9e9,d4zhu,2025-04-19,19:47:20,-07:00,2025-04-19T19:47:20-07:00,0,32
global.js,57,js,da81e9e9,d4zhu,2025-04-19,19:47:20,-07:00,2025-04-19T19:47:20-07:00,0,66
global.js,58,js,da81e9e9,d4zhu,2025-04-19,19:47:20,-07:00,2025-04-19T19:47:20-07:00,0,21
global.js,59,js,da81e9e9,d4zhu,2025-04-19,19:47:20,-07:00,2025-04-19T19:47:20-07:00,0,0
global.js,60,js,da81e9e9,d4zhu,2025-04-19,19:47:20,-07:00,2025-04-19T19:47:20-07:00,0,0
global.js,61,js,da81e9e9,d4zhu,2025-04-19,19:47:20,-07:00,2025-04-19T19:47:20-07:00,0,35
global.js,62,js,da81e9e9,d4zhu,2025-04-19,19:47:20,-07:00,2025-04-19T19:47:20-07:00,0,40
global.js,63,js,da81e9e9,d4zhu,2025-04-19,19:47:20,-07:00,2025-04-19T19:47:20-07:00,0,0
global.js,64,js,da81e9e9,d4zhu,2025-04-19,19:47:20,-07:00,2025-04-19T19:47:20-07:00,0,0
global.js,65,js,da81e9e9,d4zhu,2025-04-19,19:47:20,-07:00,2025-04-19T19:47:20-07:00,0,50
global.js,66,js,da81e9e9,d4zhu,2025-04-19,19:47:20,-07:00,2025-04-19T19:47:20-07:00,0,32
global.js,67,js,287636f9,d4zhu,2025-04-19,20:44:38,-07:00,2025-04-19T20:44:38-07:00,0,45
global.js,68,js,da81e9e9,d4zhu,2025-04-19,19:47:20,-07:00,2025-04-19T19:47:20-07:00,0,32
global.js,69,js,da81e9e9,d4zhu,2025-04-19,19:47:20,-07:00,2025-04-19T19:47:20-07:00,0,21
global.js,70,js,287636f9,d4zhu,2025-04-19,20:44:38,-07:00,2025-04-19T20:44:38-07:00,0,45
global.js,71,js,da81e9e9,d4zhu,2025-04-19,19:47:20,-07:00,2025-04-19T19:47:20-07:00,0,2
global.js,72,js,f6a45d72,d4zhu,2025-04-26,18:22:43,-07:00,2025-04-26T18:22:43-07:00,0,0
global.js,73,js,f6a45d72,d4zhu,2025-04-26,18:22:43,-07:00,2025-04-26T18:22:43-07:00,0,0
global.js,74,js,f6a45d72,d4zhu,2025-04-26,18:22:43,-07:00,2025-04-26T18:22:43-07:00,0,0
global.js,75,js,f6a45d72,d4zhu,2025-04-26,18:22:43,-07:00,2025-04-26T18:22:43-07:00,0,6
global.js,76,js,f6a45d72,d4zhu,2025-04-26,18:22:43,-07:00,2025-04-26T18:22:43-07:00,0,37
global.js,77,js,f6a45d72,d4zhu,2025-04-26,18:22:43,-07:00,2025-04-26T18:22:43-07:00,0,4
global.js,78,js,f6a45d72,d4zhu,2025-04-26,18:22:43,-07:00,2025-04-26T18:22:43-07:00,0,40
global.js,79,js,f6a45d72,d4zhu,2025-04-26,18:22:43,-07:00,2025-04-26T18:22:43-07:00,0,33
global.js,80,js,f6a45d72,d4zhu,2025-04-26,18:22:43,-07:00,2025-04-26T18:22:43-07:00,0,20
global.js,81,js,f6a45d72,d4zhu,2025-04-26,18:22:43,-07:00,2025-04-26T18:22:43-07:00,0,18
global.js,82,js,f6a45d72,d4zhu,2025-04-26,18:22:43,-07:00,2025-04-26T18:22:43-07:00,0,67
global.js,83,js,f6a45d72,d4zhu,2025-04-26,18:22:43,-07:00,2025-04-26T18:22:43-07:00,0,0
global.js,84,js,f6a45d72,d4zhu,2025-04-26,18:22:43,-07:00,2025-04-26T18:22:43-07:00,0,34
global.js,85,js,f6a45d72,d4zhu,2025-04-26,18:22:43,-07:00,2025-04-26T18:22:43-07:00,0,11
global.js,86,js,f6a45d72,d4zhu,2025-04-26,18:22:43,-07:00,2025-04-26T18:22:43-07:00,0,16
global.js,87,js,f6a45d72,d4zhu,2025-04-26,18:22:43,-07:00,2025-04-26T18:22:43-07:00,0,60
global.js,88,js,f6a45d72,d4zhu,2025-04-26,18:22:43,-07:00,2025-04-26T18:22:43-07:00,0,0
global.js,89,js,f6a45d72,d4zhu,2025-04-26,18:22:43,-07:00,2025-04-26T18:22:43-07:00,0,0
global.js,90,js,f6a45d72,d4zhu,2025-04-26,18:22:43,-07:00,2025-04-26T18:22:43-07:00,0,0
global.js,91,js,f6a45d72,d4zhu,2025-04-26,18:22:43,-07:00,2025-04-26T18:22:43-07:00,0,80
global.js,92,js,f6a45d72,d4zhu,2025-04-26,18:22:43,-07:00,2025-04-26T18:22:43-07:00,0,21
global.js,93,js,f6a45d72,d4zhu,2025-04-26,18:22:43,-07:00,2025-04-26T18:22:43-07:00,0,30
global.js,94,js,f6a45d72,d4zhu,2025-04-26,18:22:43,-07:00,2025-04-26T18:22:43-07:00,0,61
global.js,95,js,f6a45d72,d4zhu,2025-04-26,18:22:43,-07:00,2025-04-26T18:22:43-07:00,0,6
global.js,96,js,f6a45d72,d4zhu,2025-04-26,18:22:43,-07:00,2025-04-26T18:22:43-07:00,0,0
global.js,97,js,f6a45d72,d4zhu,2025-04-26,18:22:43,-07:00,2025-04-26T18:22:43-07:00,0,23
global.js,98,js,f6a45d72,d4zhu,2025-04-26,18:22:43,-07:00,2025-04-26T18:22:43-07:00,0,64
global.js,99,js,f6a45d72,d4zhu,2025-04-26,18:22:43,-07:00,2025-04-26T18:22:43-07:00,0,6
global.js,100,js,f6a45d72,d4zhu,2025-04-26,18:22:43,-07:00,2025-04-26T18:22:43-07:00,0,0
global.js,101,js,f6a45d72,d4zhu,2025-04-26,18:22:43,-07:00,2025-04-26T18:22:43-07:00,0,0
global.js,102,js,f6a45d72,d4zhu,2025-04-26,18:22:43,-07:00,2025-04-26T18:22:43-07:00,0,30
global.js,103,js,f6a45d72,d4zhu,2025-04-26,18:22:43,-07:00,2025-04-26T18:22:43-07:00,0,31
global.js,104,js,f6a45d72,d4zhu,2025-04-26,18:22:43,-07:00,2025-04-26T18:22:43-07:00,0,0
global.js,105,js,f6a45d72,d4zhu,2025-04-26,18:22:43,-07:00,2025-04-26T18:22:43-07:00,0,61
global.js,106,js,f6a45d72,d4zhu,2025-04-26,18:22:43,-07:00,2025-04-26T18:22:43-07:00,0,63
global.js,107,js,f6a45d72,d4zhu,2025-04-26,18:22:43,-07:00,2025-04-26T18:22:43-07:00,0,48
global.js,108,js,f6a45d72,d4zhu,2025-04-26,18:22:43,-07:00,2025-04-26T18:22:43-07:00,0,19
global.js,109,js,f6a45d72,d4zhu,2025-04-26,18:22:43,-07:00,2025-04-26T18:22:43-07:00,0,0
global.js,110,js,f6a45d72,d4zhu,2025-04-26,18:22:43,-07:00,2025-04-26T18:22:43-07:00,0,0
global.js,111,js,f6a45d72,d4zhu,2025-04-26,18:22:43,-07:00,2025-04-26T18:22:43-07:00,0,30
global.js,112,js,f6a45d72,d4zhu,2025-04-26,18:22:43,-07:00,2025-04-26T18:22:43-07:00,0,32
global.js,113,js,f6a45d72,d4zhu,2025-04-26,18:22:43,-07:00,2025-04-26T18:22:43-07:00,0,49
global.js,114,js,3dd0e19f,d4zhu,2025-05-02,19:56:03,-07:00,2025-05-02T19:56:03-07:00,0,31
global.js,115,js,f6a45d72,d4zhu,2025-04-26,18:22:43,-07:00,2025-04-26T18:22:43-07:00,0,0
global.js,116,js,f6a45d72,d4zhu,2025-04-26,18:22:43,-07:00,2025-04-26T18:22:43-07:00,0,56
global.js,117,js,f6a45d72,d4zhu,2025-04-26,18:22:43,-07:00,2025-04-26T18:22:43-07:00,0,49
global.js,118,js,f6a45d72,d4zhu,2025-04-26,18:22:43,-07:00,2025-04-26T18:22:43-07:00,0,33
global.js,119,js,f6a45d72,d4zhu,2025-04-26,18:22:43,-07:00,2025-04-26T18:22:43-07:00,0,45
global.js,120,js,f6a45d72,d4zhu,2025-04-26,18:22:43,-07:00,2025-04-26T18:22:43-07:00,0,0
global.js,121,js,f6a45d72,d4zhu,2025-04-26,18:22:43,-07:00,2025-04-26T18:22:43-07:00,0,20
global.js,122,js,3dd0e19f,d4zhu,2025-05-02,19:56:03,-07:00,2025-05-02T19:56:03-07:00,0,42
global.js,123,js,3dd0e19f,d4zhu,2025-05-02,19:56:03,-07:00,2025-05-02T19:56:03-07:00,0,52
global.js,124,js,3dd0e19f,d4zhu,2025-05-02,19:56:03,-07:00,2025-05-02T19:56:03-07:00,0,25
global.js,125,js,f6a45d72,d4zhu,2025-04-26,18:22:43,-07:00,2025-04-26T18:22:43-07:00,0,20
global.js,126,js,3dd0e19f,d4zhu,2025-05-02,19:56:03,-07:00,2025-05-02T19:56:03-07:00,0,26
global.js,127,js,3dd0e19f,d4zhu,2025-05-02,19:56:03,-07:00,2025-05-02T19:56:03-07:00,0,5
global.js,128,js,3dd0e19f,d4zhu,2025-05-02,19:56:03,-07:00,2025-05-02T19:56:03-07:00,0,1
global.js,129,js,f6a45d72,d4zhu,2025-04-26,18:22:43,-07:00,2025-04-26T18:22:43-07:00,0,0
global.js,130,js,f6a45d72,d4zhu,2025-04-26,18:22:43,-07:00,2025-04-26T18:22:43-07:00,0,37
global.js,131,js,f6a45d72,d4zhu,2025-04-26,18:22:43,-07:00,2025-04-26T18:22:43-07:00,0,0
global.js,132,js,f6a45d72,d4zhu,2025-04-26,18:22:43,-07:00,2025-04-26T18:22:43-07:00,0,0
global.js,133,js,f6a45d72,d4zhu,2025-04-26,18:22:43,-07:00,2025-04-26T18:22:43-07:00,0,0
global.js,134,js,f6a45d72,d4zhu,2025-04-26,18:22:43,-07:00,2025-04-26T18:22:43-07:00,0,48
global.js,135,js,f6a45d72,d4zhu,2025-04-26,18:22:43,-07:00,2025-04-26T18:22:43-07:00,0,60
global.js,136,js,f6a45d72,d4zhu,2025-04-26,18:22:43,-07:00,2025-04-26T18:22:43-07:00,0,0
global.js,137,js,f6a45d72,d4zhu,2025-04-26,18:22:43,-07:00,2025-04-26T18:22:43-07:00,0,0
resume/index.html,1,html,92d69bb1,d4zhu,2025-04-04,17:22:04,-07:00,2025-04-04T17:22:04-07:00,0,14
resume/index.html,2,html,92d69bb1,d4zhu,2025-04-04,17:22:04,-07:00,2025-04-04T17:22:04-07:00,0,15
resume/index.html,3,html,92d69bb1,d4zhu,2025-04-04,17:22:04,-07:00,2025-04-04T17:22:04-07:00,0,5
resume/index.html,4,html,92d69bb1,d4zhu,2025-04-04,17:22:04,-07:00,2025-04-04T17:22:04-07:00,0,21
resume/index.html,5,html,92d69bb1,d4zhu,2025-04-04,17:22:04,-07:00,2025-04-04T17:22:04-07:00,0,69
resume/index.html,6,html,92d69bb1,d4zhu,2025-04-04,17:22:04,-07:00,2025-04-04T17:22:04-07:00,0,32
resume/index.html,7,html,a7990531,d4zhu,2025-04-04,18:24:42,-07:00,2025-04-04T18:24:42-07:00,0,50
resume/index.html,8,html,92d69bb1,d4zhu,2025-04-04,17:22:04,-07:00,2025-04-04T17:22:04-07:00,0,6
resume/index.html,9,html,92d69bb1,d4zhu,2025-04-04,17:22:04,-07:00,2025-04-04T17:22:04-07:00,0,5
resume/index.html,10,html,da81e9e9,d4zhu,2025-04-19,19:47:20,-07:00,2025-04-19T19:47:20-07:00,0,9
resume/index.html,11,html,da81e9e9,d4zhu,2025-04-19,19:47:20,-07:00,2025-04-19T19:47:20-07:00,0,29
resume/index.html,12,html,4565ba55,d4zhu,2025-04-04,18:11:49,-07:00,2025-04-04T18:11:49-07:00,0,42
resume/index.html,13,html,4565ba55,d4zhu,2025-04-04,18:11:49,-07:00,2025-04-04T18:11:49-07:00,0,40
resume/index.html,14,html,da81e9e9,d4zhu,2025-04-19,19:47:20,-07:00,2025-04-19T19:47:20-07:00,0,38
resume/index.html,15,html,92d69bb1,d4zhu,2025-04-04,17:22:04,-07:00,2025-04-04T17:22:04-07:00,0,60
resume/index.html,16,html,da81e9e9,d4zhu,2025-04-19,19:47:20,-07:00,2025-04-19T19:47:20-07:00,0,9
resume/index.html,17,html,92d69bb1,d4zhu,2025-04-04,17:22:04,-07:00,2025-04-04T17:22:04-07:00,0,0
resume/index.html,18,html,03231f00,d4zhu,2025-04-11,22:32:19,-07:00,2025-04-11T22:32:19-07:00,0,46
resume/index.html,19,html,92d69bb1,d4zhu,2025-04-04,17:22:04,-07:00,2025-04-04T17:22:04-07:00,0,0
resume/index.html,20,html,03231f00,d4zhu,2025-04-11,22:32:19,-07:00,2025-04-11T22:32:19-07:00,0,19
resume/index.html,21,html,03231f00,d4zhu,2025-04-11,22:32:19,-07:00,2025-04-11T22:32:19-07:00,0,8
resume/index.html,22,html,03231f00,d4zhu,2025-04-11,22:32:19,-07:00,2025-04-11T22:32:19-07:00,0,17
resume/index.html,23,html,03231f00,d4zhu,2025-04-11,22:32:19,-07:00,2025-04-11T22:32:19-07:00,0,2
resume/index.html,24,html,03231f00,d4zhu,2025-04-11,22:32:19,-07:00,2025-04-11T22:32:19-07:00,0,58
resume/index.html,25,html,03231f00,d4zhu,2025-04-11,22:32:19,-07:00,2025-04-11T22:32:19-07:00,0,103
resume/index.html,26,html,03231f00,d4zhu,2025-04-11,22:32:19,-07:00,2025-04-11T22:32:19-07:00,0,110
resume/index.html,27,html,03231f00,d4zhu,2025-04-11,22:32:19,-07:00,2025-04-11T22:32:19-07:00,0,3
resume/index.html,28,html,b44bbe18,d4zhu,2025-04-19,20:41:07,-07:00,2025-04-19T20:41:07-07:00,0,3
resume/index.html,29,html,03231f00,d4zhu,2025-04-11,22:32:19,-07:00,2025-04-11T22:32:19-07:00,0,9
resume/index.html,30,html,92d69bb1,d4zhu,2025-04-04,17:22:04,-07:00,2025-04-04T17:22:04-07:00,0,0
resume/index.html,31,html,03231f00,d4zhu,2025-04-11,22:32:19,-07:00,2025-04-11T22:32:19-07:00,0,8
resume/index.html,32,html,03231f00,d4zhu,2025-04-11,22:32:19,-07:00,2025-04-11T22:32:19-07:00,0,34
resume/index.html,33,html,03231f00,d4zhu,2025-04-11,22:32:19,-07:00,2025-04-11T22:32:19-07:00,0,0
resume/index.html,34,html,03231f00,d4zhu,2025-04-11,22:32:19,-07:00,2025-04-11T22:32:19-07:00,0,72
resume/index.html,35,html,03231f00,d4zhu,2025-04-11,22:32:19,-07:00,2025-04-11T22:32:19-07:00,0,27
resume/index.html,36,html,03231f00,d4zhu,2025-04-11,22:32:19,-07:00,2025-04-11T22:32:19-07:00,0,3
resume/index.html,37,html,03231f00,d4zhu,2025-04-11,22:32:19,-07:00,2025-04-11T22:32:19-07:00,0,109
resume/index.html,38,html,03231f00,d4zhu,2025-04-11,22:32:19,-07:00,2025-04-11T22:32:19-07:00,0,111
resume/index.html,39,html,03231f00,d4zhu,2025-04-11,22:32:19,-07:00,2025-04-11T22:32:19-07:00,0,104
resume/index.html,40,html,03231f00,d4zhu,2025-04-11,22:32:19,-07:00,2025-04-11T22:32:19-07:00,0,4
resume/index.html,41,html,92d69bb1,d4zhu,2025-04-04,17:22:04,-07:00,2025-04-04T17:22:04-07:00,0,0
resume/index.html,42,html,03231f00,d4zhu,2025-04-11,22:32:19,-07:00,2025-04-11T22:32:19-07:00,0,47
resume/index.html,43,html,03231f00,d4zhu,2025-04-11,22:32:19,-07:00,2025-04-11T22:32:19-07:00,0,29
resume/index.html,44,html,03231f00,d4zhu,2025-04-11,22:32:19,-07:00,2025-04-11T22:32:19-07:00,0,3
resume/index.html,45,html,03231f00,d4zhu,2025-04-11,22:32:19,-07:00,2025-04-11T22:32:19-07:00,0,110
resume/index.html,46,html,03231f00,d4zhu,2025-04-11,22:32:19,-07:00,2025-04-11T22:32:19-07:00,0,103
resume/index.html,47,html,03231f00,d4zhu,2025-04-11,22:32:19,-07:00,2025-04-11T22:32:19-07:00,0,95
resume/index.html,48,html,03231f00,d4zhu,2025-04-11,22:32:19,-07:00,2025-04-11T22:32:19-07:00,0,4
resume/index.html,49,html,92d69bb1,d4zhu,2025-04-04,17:22:04,-07:00,2025-04-04T17:22:04-07:00,0,0
resume/index.html,50,html,03231f00,d4zhu,2025-04-11,22:32:19,-07:00,2025-04-11T22:32:19-07:00,0,45
resume/index.html,51,html,03231f00,d4zhu,2025-04-11,22:32:19,-07:00,2025-04-11T22:32:19-07:00,0,29
resume/index.html,52,html,03231f00,d4zhu,2025-04-11,22:32:19,-07:00,2025-04-11T22:32:19-07:00,0,3
resume/index.html,53,html,03231f00,d4zhu,2025-04-11,22:32:19,-07:00,2025-04-11T22:32:19-07:00,0,103
resume/index.html,54,html,03231f00,d4zhu,2025-04-11,22:32:19,-07:00,2025-04-11T22:32:19-07:00,0,106
resume/index.html,55,html,03231f00,d4zhu,2025-04-11,22:32:19,-07:00,2025-04-11T22:32:19-07:00,0,101
resume/index.html,56,html,03231f00,d4zhu,2025-04-11,22:32:19,-07:00,2025-04-11T22:32:19-07:00,0,4
resume/index.html,57,html,92d69bb1,d4zhu,2025-04-04,17:22:04,-07:00,2025-04-04T17:22:04-07:00,0,0
resume/index.html,58,html,03231f00,d4zhu,2025-04-11,22:32:19,-07:00,2025-04-11T22:32:19-07:00,0,69
resume/index.html,59,html,03231f00,d4zhu,2025-04-11,22:32:19,-07:00,2025-04-11T22:32:19-07:00,0,29
resume/index.html,60,html,03231f00,d4zhu,2025-04-11,22:32:19,-07:00,2025-04-11T22:32:19-07:00,0,3
resume/index.html,61,html,03231f00,d4zhu,2025-04-11,22:32:19,-07:00,2025-04-11T22:32:19-07:00,0,106
resume/index.html,62,html,03231f00,d4zhu,2025-04-11,22:32:19,-07:00,2025-04-11T22:32:19-07:00,0,110
resume/index.html,63,html,03231f00,d4zhu,2025-04-11,22:32:19,-07:00,2025-04-11T22:32:19-07:00,0,96
resume/index.html,64,html,03231f00,d4zhu,2025-04-11,22:32:19,-07:00,2025-04-11T22:32:19-07:00,0,4
resume/index.html,65,html,b44bbe18,d4zhu,2025-04-19,20:41:07,-07:00,2025-04-19T20:41:07-07:00,0,3
resume/index.html,66,html,03231f00,d4zhu,2025-04-11,22:32:19,-07:00,2025-04-11T22:32:19-07:00,0,9
resume/index.html,67,html,92d69bb1,d4zhu,2025-04-04,17:22:04,-07:00,2025-04-04T17:22:04-07:00,0,0
resume/index.html,68,html,03231f00,d4zhu,2025-04-11,22:32:19,-07:00,2025-04-11T22:32:19-07:00,0,8
resume/index.html,69,html,03231f00,d4zhu,2025-04-11,22:32:19,-07:00,2025-04-11T22:32:19-07:00,0,16
resume/index.html,70,html,92d69bb1,d4zhu,2025-04-04,17:22:04,-07:00,2025-04-04T17:22:04-07:00,0,0
resume/index.html,71,html,03231f00,d4zhu,2025-04-11,22:32:19,-07:00,2025-04-11T22:32:19-07:00,0,31
resume/index.html,72,html,03231f00,d4zhu,2025-04-11,22:32:19,-07:00,2025-04-11T22:32:19-07:00,0,29
resume/index.html,73,html,03231f00,d4zhu,2025-04-11,22:32:19,-07:00,2025-04-11T22:32:19-07:00,0,3
resume/index.html,74,html,03231f00,d4zhu,2025-04-11,22:32:19,-07:00,2025-04-11T22:32:19-07:00,0,103
resume/index.html,75,html,03231f00,d4zhu,2025-04-11,22:32:19,-07:00,2025-04-11T22:32:19-07:00,0,99
resume/index.html,76,html,03231f00,d4zhu,2025-04-11,22:32:19,-07:00,2025-04-11T22:32:19-07:00,0,102
resume/index.html,77,html,03231f00,d4zhu,2025-04-11,22:32:19,-07:00,2025-04-11T22:32:19-07:00,0,4
resume/index.html,78,html,92d69bb1,d4zhu,2025-04-04,17:22:04,-07:00,2025-04-04T17:22:04-07:00,0,0
resume/index.html,79,html,03231f00,d4zhu,2025-04-11,22:32:19,-07:00,2025-04-11T22:32:19-07:00,0,43
resume/index.html,80,html,03231f00,d4zhu,2025-04-11,22:32:19,-07:00,2025-04-11T22:32:19-07:00,0,28
resume/index.html,81,html,03231f00,d4zhu,2025-04-11,22:32:19,-07:00,2025-04-11T22:32:19-07:00,0,3
resume/index.html,82,html,03231f00,d4zhu,2025-04-11,22:32:19,-07:00,2025-04-11T22:32:19-07:00,0,111
resume/index.html,83,html,03231f00,d4zhu,2025-04-11,22:32:19,-07:00,2025-04-11T22:32:19-07:00,0,97
resume/index.html,84,html,03231f00,d4zhu,2025-04-11,22:32:19,-07:00,2025-04-11T22:32:19-07:00,0,103
resume/index.html,85,html,03231f00,d4zhu,2025-04-11,22:32:19,-07:00,2025-04-11T22:32:19-07:00,0,4
resume/index.html,86,html,92d69bb1,d4zhu,2025-04-04,17:22:04,-07:00,2025-04-04T17:22:04-07:00,0,0
resume/index.html,87,html,03231f00,d4zhu,2025-04-11,22:32:19,-07:00,2025-04-11T22:32:19-07:00,0,23
resume/index.html,88,html,03231f00,d4zhu,2025-04-11,22:32:19,-07:00,2025-04-11T22:32:19-07:00,0,29
resume/index.html,89,html,03231f00,d4zhu,2025-04-11,22:32:19,-07:00,2025-04-11T22:32:19-07:00,0,3
resume/index.html,90,html,03231f00,d4zhu,2025-04-11,22:32:19,-07:00,2025-04-11T22:32:19-07:00,0,117
resume/index.html,91,html,03231f00,d4zhu,2025-04-11,22:32:19,-07:00,2025-04-11T22:32:19-07:00,0,117
resume/index.html,92,html,03231f00,d4zhu,2025-04-11,22:32:19,-07:00,2025-04-11T22:32:19-07:00,0,107
resume/index.html,93,html,03231f00,d4zhu,2025-04-11,22:32:19,-07:00,2025-04-11T22:32:19-07:00,0,4
resume/index.html,94,html,b44bbe18,d4zhu,2025-04-19,20:41:07,-07:00,2025-04-19T20:41:07-07:00,0,3
resume/index.html,95,html,03231f00,d4zhu,2025-04-11,22:32:19,-07:00,2025-04-11T22:32:19-07:00,0,9
resume/index.html,96,html,92d69bb1,d4zhu,2025-04-04,17:22:04,-07:00,2025-04-04T17:22:04-07:00,0,0
resume/index.html,97,html,03231f00,d4zhu,2025-04-11,22:32:19,-07:00,2025-04-11T22:32:19-07:00,0,8
resume/index.html,98,html,03231f00,d4zhu,2025-04-11,22:32:19,-07:00,2025-04-11T22:32:19-07:00,0,26
resume/index.html,99,html,03231f00,d4zhu,2025-04-11,22:32:19,-07:00,2025-04-11T22:32:19-07:00,0,2
resume/index.html,100,html,03231f00,d4zhu,2025-04-11,22:32:19,-07:00,2025-04-11T22:32:19-07:00,0,118
resume/index.html,101,html,03231f00,d4zhu,2025-04-11,22:32:19,-07:00,2025-04-11T22:32:19-07:00,0,121
resume/index.html,102,html,03231f00,d4zhu,2025-04-11,22:32:19,-07:00,2025-04-11T22:32:19-07:00,0,114
resume/index.html,103,html,03231f00,d4zhu,2025-04-11,22:32:19,-07:00,2025-04-11T22:32:19-07:00,0,3
resume/index.html,104,html,03231f00,d4zhu,2025-04-11,22:32:19,-07:00,2025-04-11T22:32:19-07:00,0,9
resume/index.html,105,html,03231f00,d4zhu,2025-04-11,22:32:19,-07:00,2025-04-11T22:32:19-07:00,0,5
resume/index.html,106,html,da81e9e9,d4zhu,2025-04-19,19:47:20,-07:00,2025-04-19T19:47:20-07:00,0,0
resume/index.html,107,html,da81e9e9,d4zhu,2025-04-19,19:47:20,-07:00,2025-04-19T19:47:20-07:00,0,49
resume/index.html,108,html,92d69bb1,d4zhu,2025-04-04,17:22:04,-07:00,2025-04-04T17:22:04-07:00,0,6
resume/index.html,109,html,4565ba55,d4zhu,2025-04-04,18:11:49,-07:00,2025-04-04T18:11:49-07:00,0,6
projects/projects.js,1,js,f6a45d72,d4zhu,2025-04-26,18:22:43,-07:00,2025-04-26T18:22:43-07:00,0,56
projects/projects.js,2,js,3dd0e19f,d4zhu,2025-05-02,19:56:03,-07:00,2025-05-02T19:56:03-07:00,0,64
projects/projects.js,3,js,f6a45d72,d4zhu,2025-04-26,18:22:43,-07:00,2025-04-26T18:22:43-07:00,0,0
projects/projects.js,4,js,3dd0e19f,d4zhu,2025-05-02,19:56:03,-07:00,2025-05-02T19:56:03-07:00,0,54
projects/projects.js,5,js,f6a45d72,d4zhu,2025-04-26,18:22:43,-07:00,2025-04-26T18:22:43-07:00,0,61
projects/projects.js,6,js,f6a45d72,d4zhu,2025-04-26,18:22:43,-07:00,2025-04-26T18:22:43-07:00,0,0
projects/projects.js,7,js,f6a45d72,d4zhu,2025-04-26,18:22:43,-07:00,2025-04-26T18:22:43-07:00,0,62
projects/projects.js,8,js,f6a45d72,d4zhu,2025-04-26,18:22:43,-07:00,2025-04-26T18:22:43-07:00,0,18
projects/projects.js,9,js,3dd0e19f,d4zhu,2025-05-02,19:56:03,-07:00,2025-05-02T19:56:03-07:00,0,56
projects/projects.js,10,js,f6a45d72,d4zhu,2025-04-26,18:22:43,-07:00,2025-04-26T18:22:43-07:00,0,0
projects/projects.js,11,js,f6a45d72,d4zhu,2025-04-26,18:22:43,-07:00,2025-04-26T18:22:43-07:00,0,0
projects/projects.js,12,js,3dd0e19f,d4zhu,2025-05-02,19:56:03,-07:00,2025-05-02T19:56:03-07:00,0,22
projects/projects.js,13,js,3da4b73f,d4zhu,2025-05-09,16:24:43,-07:00,2025-05-09T16:24:43-07:00,0,14
projects/projects.js,14,js,3dd0e19f,d4zhu,2025-05-02,19:56:03,-07:00,2025-05-02T19:56:03-07:00,0,0
projects/projects.js,15,js,f6a45d72,d4zhu,2025-04-26,18:22:43,-07:00,2025-04-26T18:22:43-07:00,0,49
projects/projects.js,16,js,3da4b73f,d4zhu,2025-05-09,16:24:43,-07:00,2025-05-09T16:24:43-07:00,0,24
projects/projects.js,17,js,3dd0e19f,d4zhu,2025-05-02,19:56:03,-07:00,2025-05-02T19:56:03-07:00,0,0
projects/projects.js,18,js,3dd0e19f,d4zhu,2025-05-02,19:56:03,-07:00,2025-05-02T19:56:03-07:00,0,30
projects/projects.js,19,js,3dd0e19f,d4zhu,2025-05-02,19:56:03,-07:00,2025-05-02T19:56:03-07:00,0,37
projects/projects.js,20,js,3dd0e19f,d4zhu,2025-05-02,19:56:03,-07:00,2025-05-02T19:56:03-07:00,0,33
projects/projects.js,21,js,3dd0e19f,d4zhu,2025-05-02,19:56:03,-07:00,2025-05-02T19:56:03-07:00,0,0
projects/projects.js,22,js,3dd0e19f,d4zhu,2025-05-02,19:56:03,-07:00,2025-05-02T19:56:03-07:00,0,27
projects/projects.js,23,js,3dd0e19f,d4zhu,2025-05-02,19:56:03,-07:00,2025-05-02T19:56:03-07:00,0,30
projects/projects.js,24,js,3dd0e19f,d4zhu,2025-05-02,19:56:03,-07:00,2025-05-02T19:56:03-07:00,0,0
projects/projects.js,25,js,3da4b73f,d4zhu,2025-05-09,16:24:43,-07:00,2025-05-09T16:24:43-07:00,0,65
projects/projects.js,26,js,3dd0e19f,d4zhu,2025-05-02,19:56:03,-07:00,2025-05-02T19:56:03-07:00,0,49
projects/projects.js,27,js,3dd0e19f,d4zhu,2025-05-02,19:56:03,-07:00,2025-05-02T19:56:03-07:00,0,12
projects/projects.js,28,js,3dd0e19f,d4zhu,2025-05-02,19:56:03,-07:00,2025-05-02T19:56:03-07:00,0,10
projects/projects.js,29,js,3dd0e19f,d4zhu,2025-05-02,19:56:03,-07:00,2025-05-02T19:56:03-07:00,0,3
projects/projects.js,30,js,3dd0e19f,d4zhu,2025-05-02,19:56:03,-07:00,2025-05-02T19:56:03-07:00,0,0
projects/projects.js,31,js,3dd0e19f,d4zhu,2025-05-02,19:56:03,-07:00,2025-05-02T19:56:03-07:00,0,48
projects/projects.js,32,js,3dd0e19f,d4zhu,2025-05-02,19:56:03,-07:00,2025-05-02T19:56:03-07:00,0,49
projects/projects.js,33,js,3dd0e19f,d4zhu,2025-05-02,19:56:03,-07:00,2025-05-02T19:56:03-07:00,0,37
projects/projects.js,34,js,3dd0e19f,d4zhu,2025-05-02,19:56:03,-07:00,2025-05-02T19:56:03-07:00,0,0
projects/projects.js,35,js,3dd0e19f,d4zhu,2025-05-02,19:56:03,-07:00,2025-05-02T19:56:03-07:00,0,25
projects/projects.js,36,js,3dd0e19f,d4zhu,2025-05-02,19:56:03,-07:00,2025-05-02T19:56:03-07:00,0,10
projects/projects.js,37,js,3dd0e19f,d4zhu,2025-05-02,19:56:03,-07:00,2025-05-02T19:56:03-07:00,0,35
projects/projects.js,38,js,3dd0e19f,d4zhu,2025-05-02,19:56:03,-07:00,2025-05-02T19:56:03-07:00,0,35
projects/projects.js,39,js,3dd0e19f,d4zhu,2025-05-02,19:56:03,-07:00,2025-05-02T19:56:03-07:00,0,33
projects/projects.js,40,js,3dd0e19f,d4zhu,2025-05-02,19:56:03,-07:00,2025-05-02T19:56:03-07:00,0,33
projects/projects.js,41,js,3dd0e19f,d4zhu,2025-05-02,19:56:03,-07:00,2025-05-02T19:56:03-07:00,0,58
projects/projects.js,42,js,3dd0e19f,d4zhu,2025-05-02,19:56:03,-07:00,2025-05-02T19:56:03-07:00,0,0
projects/projects.js,43,js,3dd0e19f,d4zhu,2025-05-02,19:56:03,-07:00,2025-05-02T19:56:03-07:00,0,7
projects/projects.js,44,js,3dd0e19f,d4zhu,2025-05-02,19:56:03,-07:00,2025-05-02T19:56:03-07:00,0,4
projects/projects.js,45,js,3dd0e19f,d4zhu,2025-05-02,19:56:03,-07:00,2025-05-02T19:56:03-07:00,0,12
projects/projects.js,46,js,3dd0e19f,d4zhu,2025-05-02,19:56:03,-07:00,2025-05-02T19:56:03-07:00,0,38
projects/projects.js,47,js,3dd0e19f,d4zhu,2025-05-02,19:56:03,-07:00,2025-05-02T19:56:03-07:00,0,0
projects/projects.js,48,js,3dd0e19f,d4zhu,2025-05-02,19:56:03,-07:00,2025-05-02T19:56:03-07:00,0,1
projects/projects.js,49,js,3dd0e19f,d4zhu,2025-05-02,19:56:03,-07:00,2025-05-02T19:56:03-07:00,0,0
projects/projects.js,50,js,3dd0e19f,d4zhu,2025-05-02,19:56:03,-07:00,2025-05-02T19:56:03-07:00,0,0
projects/projects.js,51,js,3dd0e19f,d4zhu,2025-05-02,19:56:03,-07:00,2025-05-02T19:56:03-07:00,0,26
projects/projects.js,52,js,3dd0e19f,d4zhu,2025-05-02,19:56:03,-07:00,2025-05-02T19:56:03-07:00,0,17
projects/projects.js,53,js,3dd0e19f,d4zhu,2025-05-02,19:56:03,-07:00,2025-05-02T19:56:03-07:00,0,26
projects/projects.js,54,js,3dd0e19f,d4zhu,2025-05-02,19:56:03,-07:00,2025-05-02T19:56:03-07:00,0,23
projects/projects.js,55,js,3dd0e19f,d4zhu,2025-05-02,19:56:03,-07:00,2025-05-02T19:56:03-07:00,0,22
projects/projects.js,56,js,3dd0e19f,d4zhu,2025-05-02,19:56:03,-07:00,2025-05-02T19:56:03-07:00,0,19
projects/projects.js,57,js,3da4b73f,d4zhu,2025-05-09,16:24:43,-07:00,2025-05-09T16:24:43-07:00,0,44
projects/projects.js,58,js,3dd0e19f,d4zhu,2025-05-02,19:56:03,-07:00,2025-05-02T19:56:03-07:00,0,0
projects/projects.js,59,js,3dd0e19f,d4zhu,2025-05-02,19:56:03,-07:00,2025-05-02T19:56:03-07:00,0,20
projects/projects.js,60,js,3dd0e19f,d4zhu,2025-05-02,19:56:03,-07:00,2025-05-02T19:56:03-07:00,0,78
projects/projects.js,61,js,3dd0e19f,d4zhu,2025-05-02,19:56:03,-07:00,2025-05-02T19:56:03-07:00,0,0
projects/projects.js,62,js,3dd0e19f,d4zhu,2025-05-02,19:56:03,-07:00,2025-05-02T19:56:03-07:00,0,21
projects/projects.js,63,js,3dd0e19f,d4zhu,2025-05-02,19:56:03,-07:00,2025-05-02T19:56:03-07:00,0,89
projects/projects.js,64,js,3dd0e19f,d4zhu,2025-05-02,19:56:03,-07:00,2025-05-02T19:56:03-07:00,0,28
projects/projects.js,65,js,3dd0e19f,d4zhu,2025-05-02,19:56:03,-07:00,2025-05-02T19:56:03-07:00,0,55
projects/projects.js,66,js,3dd0e19f,d4zhu,2025-05-02,19:56:03,-07:00,2025-05-02T19:56:03-07:00,0,1
projects/projects.js,67,js,3dd0e19f,d4zhu,2025-05-02,19:56:03,-07:00,2025-05-02T19:56:03-07:00,0,0
projects/projects.js,68,js,3da4b73f,d4zhu,2025-05-09,16:24:43,-07:00,2025-05-09T16:24:43-07:00,0,22
projects/projects.js,69,js,3dd0e19f,d4zhu,2025-05-02,19:56:03,-07:00,2025-05-02T19:56:03-07:00,0,2
projects/projects.js,70,js,3dd0e19f,d4zhu,2025-05-02,19:56:03,-07:00,2025-05-02T19:56:03-07:00,0,2
projects/projects.js,71,js,3dd0e19f,d4zhu,2025-05-02,19:56:03,-07:00,2025-05-02T19:56:03-07:00,0,0
projects/projects.js,72,js,3dd0e19f,d4zhu,2025-05-02,19:56:03,-07:00,2025-05-02T19:56:03-07:00,0,26
projects/projects.js,73,js,3dd0e19f,d4zhu,2025-05-02,19:56:03,-07:00,2025-05-02T19:56:03-07:00,0,18
projects/projects.js,74,js,3dd0e19f,d4zhu,2025-05-02,19:56:03,-07:00,2025-05-02T19:56:03-07:00,0,37
projects/projects.js,75,js,3dd0e19f,d4zhu,2025-05-02,19:56:03,-07:00,2025-05-02T19:56:03-07:00,0,28
projects/projects.js,76,js,3dd0e19f,d4zhu,2025-05-02,19:56:03,-07:00,2025-05-02T19:56:03-07:00,0,70
projects/projects.js,77,js,3dd0e19f,d4zhu,2025-05-02,19:56:03,-07:00,2025-05-02T19:56:03-07:00,0,2
projects/projects.js,78,js,3dd0e19f,d4zhu,2025-05-02,19:56:03,-07:00,2025-05-02T19:56:03-07:00,0,0
projects/projects.js,79,js,3dd0e19f,d4zhu,2025-05-02,19:56:03,-07:00,2025-05-02T19:56:03-07:00,0,0
projects/projects.js,80,js,3dd0e19f,d4zhu,2025-05-02,19:56:03,-07:00,2025-05-02T19:56:03-07:00,0,24
projects/projects.js,81,js,3dd0e19f,d4zhu,2025-05-02,19:56:03,-07:00,2025-05-02T19:56:03-07:00,0,32
projects/projects.js,82,js,3dd0e19f,d4zhu,2025-05-02,19:56:03,-07:00,2025-05-02T19:56:03-07:00,0,23
projects/projects.js,83,js,3dd0e19f,d4zhu,2025-05-02,19:56:03,-07:00,2025-05-02T19:56:03-07:00,0,0
projects/projects.js,84,js,3dd0e19f,d4zhu,2025-05-02,19:56:03,-07:00,2025-05-02T19:56:03-07:00,0,21
projects/projects.js,85,js,3dd0e19f,d4zhu,2025-05-02,19:56:03,-07:00,2025-05-02T19:56:03-07:00,0,26
projects/projects.js,86,js,3dd0e19f,d4zhu,2025-05-02,19:56:03,-07:00,2025-05-02T19:56:03-07:00,0,68
projects/projects.js,87,js,3da4b73f,d4zhu,2025-05-09,16:24:43,-07:00,2025-05-09T16:24:43-07:00,0,37
projects/projects.js,88,js,3dd0e19f,d4zhu,2025-05-02,19:56:03,-07:00,2025-05-02T19:56:03-07:00,0,56
projects/projects.js,89,js,3dd0e19f,d4zhu,2025-05-02,19:56:03,-07:00,2025-05-02T19:56:03-07:00,0,0
projects/projects.js,90,js,3dd0e19f,d4zhu,2025-05-02,19:56:03,-07:00,2025-05-02T19:56:03-07:00,0,0
projects/projects.js,91,js,3dd0e19f,d4zhu,2025-05-02,19:56:03,-07:00,2025-05-02T19:56:03-07:00,0,18
projects/projects.js,92,js,3dd0e19f,d4zhu,2025-05-02,19:56:03,-07:00,2025-05-02T19:56:03-07:00,0,11
projects/projects.js,93,js,3dd0e19f,d4zhu,2025-05-02,19:56:03,-07:00,2025-05-02T19:56:03-07:00,0,38
projects/projects.js,94,js,3dd0e19f,d4zhu,2025-05-02,19:56:03,-07:00,2025-05-02T19:56:03-07:00,0,60
projects/projects.js,95,js,3dd0e19f,d4zhu,2025-05-02,19:56:03,-07:00,2025-05-02T19:56:03-07:00,0,43
projects/projects.js,96,js,3dd0e19f,d4zhu,2025-05-02,19:56:03,-07:00,2025-05-02T19:56:03-07:00,0,2
projects/projects.js,97,js,3dd0e19f,d4zhu,2025-05-02,19:56:03,-07:00,2025-05-02T19:56:03-07:00,0,0
projects/projects.js,98,js,3dd0e19f,d4zhu,2025-05-02,19:56:03,-07:00,2025-05-02T19:56:03-07:00,0,49
projects/projects.js,99,js,3dd0e19f,d4zhu,2025-05-02,19:56:03,-07:00,2025-05-02T19:56:03-07:00,0,0
projects/projects.js,100,js,3dd0e19f,d4zhu,2025-05-02,19:56:03,-07:00,2025-05-02T19:56:03-07:00,0,0
projects/projects.js,101,js,3da4b73f,d4zhu,2025-05-09,16:24:43,-07:00,2025-05-09T16:24:43-07:00,0,17
projects/projects.js,102,js,3dd0e19f,d4zhu,2025-05-02,19:56:03,-07:00,2025-05-02T19:56:03-07:00,0,54
projects/projects.js,103,js,3dd0e19f,d4zhu,2025-05-02,19:56:03,-07:00,2025-05-02T19:56:03-07:00,0,49
projects/projects.js,104,js,3da4b73f,d4zhu,2025-05-09,16:24:43,-07:00,2025-05-09T16:24:43-07:00,0,26
projects/projects.js,105,js,3da4b73f,d4zhu,2025-05-09,16:24:43,-07:00,2025-05-09T16:24:43-07:00,0,22
projects/projects.js,106,js,3dd0e19f,d4zhu,2025-05-02,19:56:03,-07:00,2025-05-02T19:56:03-07:00,0,2
projects/index.html,1,html,92d69bb1,d4zhu,2025-04-04,17:22:04,-07:00,2025-04-04T17:22:04-07:00,0,14
projects/index.html,2,html,92d69bb1,d4zhu,2025-04-04,17:22:04,-07:00,2025-04-04T17:22:04-07:00,0,15
projects/index.html,3,html,92d69bb1,d4zhu,2025-04-04,17:22:04,-07:00,2025-04-04T17:22:04-07:00,0,5
projects/index.html,4,html,92d69bb1,d4zhu,2025-04-04,17:22:04,-07:00,2025-04-04T17:22:04-07:00,0,21
projects/index.html,5,html,92d69bb1,d4zhu,2025-04-04,17:22:04,-07:00,2025-04-04T17:22:04-07:00,0,69
projects/index.html,6,html,92d69bb1,d4zhu,2025-04-04,17:22:04,-07:00,2025-04-04T17:22:04-07:00,0,34
projects/index.html,7,html,a7990531,d4zhu,2025-04-04,18:24:42,-07:00,2025-04-04T18:24:42-07:00,0,50
projects/index.html,8,html,92d69bb1,d4zhu,2025-04-04,17:22:04,-07:00,2025-04-04T17:22:04-07:00,0,6
projects/index.html,9,html,92d69bb1,d4zhu,2025-04-04,17:22:04,-07:00,2025-04-04T17:22:04-07:00,0,0
projects/index.html,10,html,92d69bb1,d4zhu,2025-04-04,17:22:04,-07:00,2025-04-04T17:22:04-07:00,0,5
projects/index.html,11,html,da81e9e9,d4zhu,2025-04-19,19:47:20,-07:00,2025-04-19T19:47:20-07:00,0,9
projects/index.html,12,html,da81e9e9,d4zhu,2025-04-19,19:47:20,-07:00,2025-04-19T19:47:20-07:00,0,29
projects/index.html,13,html,da81e9e9,d4zhu,2025-04-19,19:47:20,-07:00,2025-04-19T19:47:20-07:00,0,42
projects/index.html,14,html,9c6520e1,d4zhu,2025-04-04,18:11:12,-07:00,2025-04-04T18:11:12-07:00,0,40
projects/index.html,15,html,9c6520e1,d4zhu,2025-04-04,18:11:12,-07:00,2025-04-04T18:11:12-07:00,0,38
projects/index.html,16,html,92d69bb1,d4zhu,2025-04-04,17:22:04,-07:00,2025-04-04T17:22:04-07:00,0,60
projects/index.html,17,html,da81e9e9,d4zhu,2025-04-19,19:47:20,-07:00,2025-04-19T19:47:20-07:00,0,9
projects/index.html,18,html,92d69bb1,d4zhu,2025-04-04,17:22:04,-07:00,2025-04-04T17:22:04-07:00,0,0
projects/index.html,19,html,f6a45d72,d4zhu,2025-04-26,18:22:43,-07:00,2025-04-26T18:22:43-07:00,0,69
projects/index.html,20,html,689827d0,d4zhu,2025-04-04,18:30:21,-07:00,2025-04-04T18:30:21-07:00,0,0
projects/index.html,21,html,3dd0e19f,d4zhu,2025-05-02,19:56:03,-07:00,2025-05-02T19:56:03-07:00,0,22
projects/index.html,22,html,3dd0e19f,d4zhu,2025-05-02,19:56:03,-07:00,2025-05-02T19:56:03-07:00,0,55
projects/index.html,23,html,3dd0e19f,d4zhu,2025-05-02,19:56:03,-07:00,2025-05-02T19:56:03-07:00,0,23
projects/index.html,24,html,3dd0e19f,d4zhu,2025-05-02,19:56:03,-07:00,2025-05-02T19:56:03-07:00,0,0
projects/index.html,25,html,3dd0e19f,d4zhu,2025-05-02,19:56:03,-07:00,2025-05-02T19:56:03-07:00,0,5
projects/index.html,26,html,3dd0e19f,d4zhu,2025-05-02,19:56:03,-07:00,2025-05-02T19:56:03-07:00,0,16
projects/index.html,27,html,3dd0e19f,d4zhu,2025-05-02,19:56:03,-07:00,2025-05-02T19:56:03-07:00,0,12
projects/index.html,28,html,3dd0e19f,d4zhu,2025-05-02,19:56:03,-07:00,2025-05-02T19:56:03-07:00,0,27
projects/index.html,29,html,3dd0e19f,d4zhu,2025-05-02,19:56:03,-07:00,2025-05-02T19:56:03-07:00,0,32
projects/index.html,30,html,3dd0e19f,d4zhu,2025-05-02,19:56:03,-07:00,2025-05-02T19:56:03-07:00,0,1
projects/index.html,31,html,3dd0e19f,d4zhu,2025-05-02,19:56:03,-07:00,2025-05-02T19:56:03-07:00,0,5
projects/index.html,32,html,3dd0e19f,d4zhu,2025-05-02,19:56:03,-07:00,2025-05-02T19:56:03-07:00,0,0
projects/index.html,33,html,3dd0e19f,d4zhu,2025-05-02,19:56:03,-07:00,2025-05-02T19:56:03-07:00,0,0
projects/index.html,34,html,03231f00,d4zhu,2025-04-11,22:32:19,-07:00,2025-04-11T22:32:19-07:00,0,21
projects/index.html,35,html,f6a45d72,d4zhu,2025-04-26,18:22:43,-07:00,2025-04-26T18:22:43-07:00,0,13
projects/index.html,36,html,b44bbe18,d4zhu,2025-04-19,20:41:07,-07:00,2025-04-19T20:41:07-07:00,0,31
projects/index.html,37,html,03231f00,d4zhu,2025-04-11,22:32:19,-07:00,2025-04-11T22:32:19-07:00,0,71
projects/index.html,38,html,b44bbe18,d4zhu,2025-04-19,20:41:07,-07:00,2025-04-19T20:41:07-07:00,0,245
projects/index.html,39,html,03231f00,d4zhu,2025-04-11,22:32:19,-07:00,2025-04-11T22:32:19-07:00,0,9
projects/index.html,40,html,03231f00,d4zhu,2025-04-11,22:32:19,-07:00,2025-04-11T22:32:19-07:00,0,8
projects/index.html,41,html,b44bbe18,d4zhu,2025-04-19,20:41:07,-07:00,2025-04-19T20:41:07-07:00,0,44
projects/index.html,42,html,03231f00,d4zhu,2025-04-11,22:32:19,-07:00,2025-04-11T22:32:19-07:00,0,71
projects/index.html,43,html,b44bbe18,d4zhu,2025-04-19,20:41:07,-07:00,2025-04-19T20:41:07-07:00,0,271
projects/index.html,44,html,03231f00,d4zhu,2025-04-11,22:32:19,-07:00,2025-04-11T22:32:19-07:00,0,9
projects/index.html,45,html,03231f00,d4zhu,2025-04-11,22:32:19,-07:00,2025-04-11T22:32:19-07:00,0,8
projects/index.html,46,html,b44bbe18,d4zhu,2025-04-19,20:41:07,-07:00,2025-04-19T20:41:07-07:00,0,23
projects/index.html,47,html,03231f00,d4zhu,2025-04-11,22:32:19,-07:00,2025-04-11T22:32:19-07:00,0,71
projects/index.html,48,html,b44bbe18,d4zhu,2025-04-19,20:41:07,-07:00,2025-04-19T20:41:07-07:00,0,285
projects/index.html,49,html,03231f00,d4zhu,2025-04-11,22:32:19,-07:00,2025-04-11T22:32:19-07:00,0,9
projects/index.html,50,html,03231f00,d4zhu,2025-04-11,22:32:19,-07:00,2025-04-11T22:32:19-07:00,0,8
projects/index.html,51,html,03231f00,d4zhu,2025-04-11,22:32:19,-07:00,2025-04-11T22:32:19-07:00,0,46
projects/index.html,52,html,03231f00,d4zhu,2025-04-11,22:32:19,-07:00,2025-04-11T22:32:19-07:00,0,71
projects/index.html,53,html,03231f00,d4zhu,2025-04-11,22:32:19,-07:00,2025-04-11T22:32:19-07:00,0,234
projects/index.html,54,html,03231f00,d4zhu,2025-04-11,22:32:19,-07:00,2025-04-11T22:32:19-07:00,0,9
projects/index.html,55,html,03231f00,d4zhu,2025-04-11,22:32:19,-07:00,2025-04-11T22:32:19-07:00,0,8
projects/index.html,56,html,03231f00,d4zhu,2025-04-11,22:32:19,-07:00,2025-04-11T22:32:19-07:00,0,35
projects/index.html,57,html,03231f00,d4zhu,2025-04-11,22:32:19,-07:00,2025-04-11T22:32:19-07:00,0,71
projects/index.html,58,html,03231f00,d4zhu,2025-04-11,22:32:19,-07:00,2025-04-11T22:32:19-07:00,0,239
projects/index.html,59,html,03231f00,d4zhu,2025-04-11,22:32:19,-07:00,2025-04-11T22:32:19-07:00,0,9
projects/index.html,60,html,03231f00,d4zhu,2025-04-11,22:32:19,-07:00,2025-04-11T22:32:19-07:00,0,8
projects/index.html,61,html,03231f00,d4zhu,2025-04-11,22:32:19,-07:00,2025-04-11T22:32:19-07:00,0,35
projects/index.html,62,html,03231f00,d4zhu,2025-04-11,22:32:19,-07:00,2025-04-11T22:32:19-07:00,0,71
projects/index.html,63,html,03231f00,d4zhu,2025-04-11,22:32:19,-07:00,2025-04-11T22:32:19-07:00,0,202
projects/index.html,64,html,03231f00,d4zhu,2025-04-11,22:32:19,-07:00,2025-04-11T22:32:19-07:00,0,9
projects/index.html,65,html,03231f00,d4zhu,2025-04-11,22:32:19,-07:00,2025-04-11T22:32:19-07:00,0,8
projects/index.html,66,html,03231f00,d4zhu,2025-04-11,22:32:19,-07:00,2025-04-11T22:32:19-07:00,0,34
projects/index.html,67,html,03231f00,d4zhu,2025-04-11,22:32:19,-07:00,2025-04-11T22:32:19-07:00,0,71
projects/index.html,68,html,03231f00,d4zhu,2025-04-11,22:32:19,-07:00,2025-04-11T22:32:19-07:00,0,231
projects/index.html,69,html,03231f00,d4zhu,2025-04-11,22:32:19,-07:00,2025-04-11T22:32:19-07:00,0,9
projects/index.html,70,html,03231f00,d4zhu,2025-04-11,22:32:19,-07:00,2025-04-11T22:32:19-07:00,0,8
projects/index.html,71,html,03231f00,d4zhu,2025-04-11,22:32:19,-07:00,2025-04-11T22:32:19-07:00,0,44
projects/index.html,72,html,03231f00,d4zhu,2025-04-11,22:32:19,-07:00,2025-04-11T22:32:19-07:00,0,71
projects/index.html,73,html,03231f00,d4zhu,2025-04-11,22:32:19,-07:00,2025-04-11T22:32:19-07:00,0,261
projects/index.html,74,html,03231f00,d4zhu,2025-04-11,22:32:19,-07:00,2025-04-11T22:32:19-07:00,0,9
projects/index.html,75,html,03231f00,d4zhu,2025-04-11,22:32:19,-07:00,2025-04-11T22:32:19-07:00,0,8
projects/index.html,76,html,03231f00,d4zhu,2025-04-11,22:32:19,-07:00,2025-04-11T22:32:19-07:00,0,36
projects/index.html,77,html,03231f00,d4zhu,2025-04-11,22:32:19,-07:00,2025-04-11T22:32:19-07:00,0,71
projects/index.html,78,html,03231f00,d4zhu,2025-04-11,22:32:19,-07:00,2025-04-11T22:32:19-07:00,0,219
projects/index.html,79,html,03231f00,d4zhu,2025-04-11,22:32:19,-07:00,2025-04-11T22:32:19-07:00,0,9
projects/index.html,80,html,03231f00,d4zhu,2025-04-11,22:32:19,-07:00,2025-04-11T22:32:19-07:00,0,8
projects/index.html,81,html,03231f00,d4zhu,2025-04-11,22:32:19,-07:00,2025-04-11T22:32:19-07:00,0,44
projects/index.html,82,html,03231f00,d4zhu,2025-04-11,22:32:19,-07:00,2025-04-11T22:32:19-07:00,0,71
projects/index.html,83,html,03231f00,d4zhu,2025-04-11,22:32:19,-07:00,2025-04-11T22:32:19-07:00,0,231
projects/index.html,84,html,03231f00,d4zhu,2025-04-11,22:32:19,-07:00,2025-04-11T22:32:19-07:00,0,9
projects/index.html,85,html,03231f00,d4zhu,2025-04-11,22:32:19,-07:00,2025-04-11T22:32:19-07:00,0,8
projects/index.html,86,html,03231f00,d4zhu,2025-04-11,22:32:19,-07:00,2025-04-11T22:32:19-07:00,0,38
projects/index.html,87,html,03231f00,d4zhu,2025-04-11,22:32:19,-07:00,2025-04-11T22:32:19-07:00,0,71
projects/index.html,88,html,03231f00,d4zhu,2025-04-11,22:32:19,-07:00,2025-04-11T22:32:19-07:00,0,217
projects/index.html,89,html,03231f00,d4zhu,2025-04-11,22:32:19,-07:00,2025-04-11T22:32:19-07:00,0,9
projects/index.html,90,html,03231f00,d4zhu,2025-04-11,22:32:19,-07:00,2025-04-11T22:32:19-07:00,0,8
projects/index.html,91,html,03231f00,d4zhu,2025-04-11,22:32:19,-07:00,2025-04-11T22:32:19-07:00,0,39
projects/index.html,92,html,03231f00,d4zhu,2025-04-11,22:32:19,-07:00,2025-04-11T22:32:19-07:00,0,71
projects/index.html,93,html,03231f00,d4zhu,2025-04-11,22:32:19,-07:00,2025-04-11T22:32:19-07:00,0,248
projects/index.html,94,html,f6a45d72,d4zhu,2025-04-26,18:22:43,-07:00,2025-04-26T18:22:43-07:00,0,13
projects/index.html,95,html,03231f00,d4zhu,2025-04-11,22:32:19,-07:00,2025-04-11T22:32:19-07:00,0,5
projects/index.html,96,html,da81e9e9,d4zhu,2025-04-19,19:47:20,-07:00,2025-04-19T19:47:20-07:00,0,0
projects/index.html,97,html,da81e9e9,d4zhu,2025-04-19,19:47:20,-07:00,2025-04-19T19:47:20-07:00,0,49
projects/index.html,98,html,f6a45d72,d4zhu,2025-04-26,18:22:43,-07:00,2025-04-26T18:22:43-07:00,0,48
projects/index.html,99,html,92d69bb1,d4zhu,2025-04-04,17:22:04,-07:00,2025-04-04T17:22:04-07:00,0,6
projects/index.html,100,html,9c6520e1,d4zhu,2025-04-04,18:11:12,-07:00,2025-04-04T18:11:12-07:00,0,6
contact/index.html,1,html,92d69bb1,d4zhu,2025-04-04,17:22:04,-07:00,2025-04-04T17:22:04-07:00,0,14
contact/index.html,2,html,92d69bb1,d4zhu,2025-04-04,17:22:04,-07:00,2025-04-04T17:22:04-07:00,0,15
contact/index.html,3,html,92d69bb1,d4zhu,2025-04-04,17:22:04,-07:00,2025-04-04T17:22:04-07:00,0,5
contact/index.html,4,html,92d69bb1,d4zhu,2025-04-04,17:22:04,-07:00,2025-04-04T17:22:04-07:00,0,21
contact/index.html,5,html,92d69bb1,d4zhu,2025-04-04,17:22:04,-07:00,2025-04-04T17:22:04-07:00,0,69
contact/index.html,6,html,92d69bb1,d4zhu,2025-04-04,17:22:04,-07:00,2025-04-04T17:22:04-07:00,0,33
contact/index.html,7,html,a7990531,d4zhu,2025-04-04,18:24:42,-07:00,2025-04-04T18:24:42-07:00,0,50
contact/index.html,8,html,92d69bb1,d4zhu,2025-04-04,17:22:04,-07:00,2025-04-04T17:22:04-07:00,0,6
contact/index.html,9,html,92d69bb1,d4zhu,2025-04-04,17:22:04,-07:00,2025-04-04T17:22:04-07:00,0,0
contact/index.html,10,html,92d69bb1,d4zhu,2025-04-04,17:22:04,-07:00,2025-04-04T17:22:04-07:00,0,5
contact/index.html,11,html,da81e9e9,d4zhu,2025-04-19,19:47:20,-07:00,2025-04-19T19:47:20-07:00,0,9
contact/index.html,12,html,da81e9e9,d4zhu,2025-04-19,19:47:20,-07:00,2025-04-19T19:47:20-07:00,0,29
contact/index.html,13,html,361e0972,d4zhu,2025-04-04,18:10:48,-07:00,2025-04-04T18:10:48-07:00,0,42
contact/index.html,14,html,da81e9e9,d4zhu,2025-04-19,19:47:20,-07:00,2025-04-19T19:47:20-07:00,0,40
contact/index.html,15,html,361e0972,d4zhu,2025-04-04,18:10:48,-07:00,2025-04-04T18:10:48-07:00,0,38
contact/index.html,16,html,92d69bb1,d4zhu,2025-04-04,17:22:04,-07:00,2025-04-04T17:22:04-07:00,0,60
contact/index.html,17,html,da81e9e9,d4zhu,2025-04-19,19:47:20,-07:00,2025-04-19T19:47:20-07:00,0,9
contact/index.html,18,html,92d69bb1,d4zhu,2025-04-04,17:22:04,-07:00,2025-04-04T17:22:04-07:00,0,0
contact/index.html,19,html,03231f00,d4zhu,2025-04-11,22:32:19,-07:00,2025-04-11T22:32:19-07:00,0,43
contact/index.html,20,html,92d69bb1,d4zhu,2025-04-04,17:22:04,-07:00,2025-04-04T17:22:04-07:00,0,0
contact/index.html,21,html,92d69bb1,d4zhu,2025-04-04,17:22:04,-07:00,2025-04-04T17:22:04-07:00,0,72
contact/index.html,22,html,03231f00,d4zhu,2025-04-11,22:32:19,-07:00,2025-04-11T22:32:19-07:00,0,32
contact/index.html,23,html,03231f00,d4zhu,2025-04-11,22:32:19,-07:00,2025-04-11T22:32:19-07:00,0,30
contact/index.html,24,html,03231f00,d4zhu,2025-04-11,22:32:19,-07:00,2025-04-11T22:32:19-07:00,0,0
contact/index.html,25,html,03231f00,d4zhu,2025-04-11,22:32:19,-07:00,2025-04-11T22:32:19-07:00,0,36
contact/index.html,26,html,03231f00,d4zhu,2025-04-11,22:32:19,-07:00,2025-04-11T22:32:19-07:00,0,34
contact/index.html,27,html,03231f00,d4zhu,2025-04-11,22:32:19,-07:00,2025-04-11T22:32:19-07:00,0,0
contact/index.html,28,html,03231f00,d4zhu,2025-04-11,22:32:19,-07:00,2025-04-11T22:32:19-07:00,0,36
contact/index.html,29,html,03231f00,d4zhu,2025-04-11,22:32:19,-07:00,2025-04-11T22:32:19-07:00,0,48
contact/index.html,30,html,03231f00,d4zhu,2025-04-11,22:32:19,-07:00,2025-04-11T22:32:19-07:00,0,0
contact/index.html,31,html,03231f00,d4zhu,2025-04-11,22:32:19,-07:00,2025-04-11T22:32:19-07:00,0,34
contact/index.html,32,html,92d69bb1,d4zhu,2025-04-04,17:22:04,-07:00,2025-04-04T17:22:04-07:00,0,6
contact/index.html,33,html,da81e9e9,d4zhu,2025-04-19,19:47:20,-07:00,2025-04-19T19:47:20-07:00,0,0
contact/index.html,34,html,da81e9e9,d4zhu,2025-04-19,19:47:20,-07:00,2025-04-19T19:47:20-07:00,0,49
contact/index.html,35,html,92d69bb1,d4zhu,2025-04-04,17:22:04,-07:00,2025-04-04T17:22:04-07:00,0,6
contact/index.html,36,html,361e0972,d4zhu,2025-04-04,18:10:48,-07:00,2025-04-04T18:10:48-07:00,0,6
